label,img_path
OPPO_2647,/data/data_thumbnail/8025834bd1439498f8af3a90f7a52ce2.jpg
Samsung_2647,/data/data_thumbnail/2169212cde4edb4dd0e3e246ccecedc8.jpg
Xiaomi_2647,/data/data_thumbnail/9b5a6b369dc341b9ec3297611ea6796b.jpg
OPPO_2647,/data/data_thumbnail/f256e22bd1045d00a99d12c68acd926b.png
OPPO_2647,/data/data_thumbnail/ce0a19af0d584003341c3139d54894cc.jpg
Samsung_2647,/data/data_thumbnail/8ea6b17bb26bcae5b9b7995346a3b037.jpg
Vivo_2647,/data/data_thumbnail/65387a09b2db64c461294e1809d4d507.jpg
OPPO_2647,/data/data_thumbnail/ce918fd0d9d3028f768c29ca73f7a4c8.jpg
Xiaomi_2647,/data/data_thumbnail/0144f11cd999a9e405129a4740678362.jpg
Tecno_2647,/data/data_thumbnail/f234969b71489748af0bd1101c8893cd.jpg
Samsung_2647,/data/data_thumbnail/52019992bb22ccce122a38168eb3c7b3.jpg
OPPO_2647,/data/data_thumbnail/a321829fbe6ea6d9467b97ed30af7cc9.jpg
Samsung_2647,/data/data_thumbnail/32c907cae8113a7916a82db325f57c5f.jpg
Samsung_2647,/data/data_thumbnail/03e063e55b58d3fb84dac86a97c405fb.jpg
Xiaomi_2647,/data/data_thumbnail/eac3d0715381461dcc7de53d3cb77e37.jpg
Samsung_2647,/data/data_thumbnail/be2889cc2c498036f162af94f75ed4cf.jpg
OPPO_2647,/data/data_thumbnail/55dfe076f7972e4182da6ebea9e0e5a3.jpg
OPPO_2647,/data/data_thumbnail/b7721ac2f2f2d65c1e8e97034c31fd45.jpg
Realme_2647,/data/data_thumbnail/807e4d74b120466324c3d144223c6dac.jpg
Xiaomi_2647,/data/data_thumbnail/6f22564137fefd9ad5d5db0709258743.jpg
OPPO_2647,/data/data_thumbnail/0daaca7c84670301be523171dde41695.jpg
OPPO_2647,/data/data_thumbnail/e15b964fd22d55a1413134fbe646a283.jpg
Samsung_2647,/data/data_thumbnail/352ce280229f9070c839ef1bf2e8dba8.png
OPPO_2647,/data/data_thumbnail/998cacbe4e9b746dfe26c41aede8f5b4.jpg
OPPO_2647,/data/data_thumbnail/821f2f4f9a4b6504a7971a6d592733cd.jpg
OPPO_2647,/data/data_thumbnail/1a16f8bd7fce3f9025b1273ee649d6ca.jpg
OPPO_2647,/data/data_thumbnail/957fb2028db94ef55b2a5418af00144a.jpg
Xiaomi_2647,/data/data_thumbnail/06a7824a7e8eaecd35337ebf5ac0d651.jpg
Samsung_2647,/data/data_thumbnail/5936696e343a0e15de65cd8f7f96107b.jpg
OEM_2647,/data/data_thumbnail/3f6be9ec0e1b31d35b52b07c632d843e.jpg
OPPO_2647,/data/data_thumbnail/75bb28826d6a2da3575763cdf2960aeb.jpg
Vivo_2647,/data/data_thumbnail/8693938a5ecd112c379ab77075215b7c.jpg
OPPO_2647,/data/data_thumbnail/97e85db1ff72a429eba13cee31f1fe93.jpg
Samsung_2647,/data/data_thumbnail/9bcb070ac75726e5355ca907c36e4164.jpg
OPPO_2647,/data/data_thumbnail/3e3ef51cbcb309b85b10c038d0535e0d.jpg
OPPO_2647,/data/data_thumbnail/aacc101c81eab47dbfc354446318c2cb.jpg
Xiaomi_2647,/data/data_thumbnail/675cb5e99c7c085a1d7fa021fff2a0ff.jpg
Xiaomi_2647,/data/data_thumbnail/1dfbe4c5dce1f5f258be6acf2e5850f7.jpg
OPPO_2647,/data/data_thumbnail/e7698e9236e85cff2d052238e011da39.jpg
OPPO_2647,/data/data_thumbnail/72a714138836427990674fc4ed23f5c1.png
OPPO_2647,/data/data_thumbnail/010b1f8e16b33ae18d979bb89c54625e.jpg
OPPO_2647,/data/data_thumbnail/9f57a62e7191914bc8c591aea5d35224.jpg
OPPO_2647,/data/data_thumbnail/24920a19f5866e68bddbab9d67e440ea.jpg
Xiaomi_2647,/data/data_thumbnail/05f7b2961bbeefe061d4542339a46015.png
OPPO_2647,/data/data_thumbnail/751263cb53c87e300b9007f4fb819b8b.jpg
OPPO_2647,/data/data_thumbnail/5e2e2851dbe1d53c8a0901bfc340a777.jpeg
OPPO_2647,/data/data_thumbnail/baf72ec2d5b923f56ebcb414e2e5174e.jpg
OPPO_2647,/data/data_thumbnail/746c51294e467704965fc06af076fb54.jpg
Samsung_2647,/data/data_thumbnail/78a651b1eeb36a7789de21cde8038c7a.jpg
OPPO_2647,/data/data_thumbnail/d561db04d1879d276af6c1ec5cc52046.png
OPPO_2647,/data/data_thumbnail/746df845ae78de229a61002efffd769c.jpg
Samsung_2647,/data/data_thumbnail/561595527f13edb91c80180678a8d734.jpg
Xiaomi_2647,/data/data_thumbnail/ef33d38ec18391f2244c5d506c88ab1c.jpg
Vivo_2647,/data/data_thumbnail/e9ceccef180051aaba3a280b1e0d0e4c.jpg
OPPO_2647,/data/data_thumbnail/ff7c7438c4c5b5df2aaa6fcc846dec09.png
Samsung_2647,/data/data_thumbnail/7e8fdb12622a60bcb05d9f61764f8a09.jpg
Samsung_2647,/data/data_thumbnail/1ce8e3c63eebc0a56f86ecf02579020a.jpg
OPPO_2647,/data/data_thumbnail/6c502319523332de36516b7a425785c6.jpg
Vivo_2647,/data/data_thumbnail/8b5a7a42eeb8178f83d98361fbeb36db.jpg
OPPO_2647,/data/data_thumbnail/f848c762530265b98efafe73889a4e32.jpg
OPPO_2647,/data/data_thumbnail/d196d8d700ec31a5c6b77720718fa768.jpg
OPPO_2647,/data/data_thumbnail/5559d81bc0f4af4872900cccdc4fc474.jpg
OPPO_2647,/data/data_thumbnail/77eab9aea92931758cd9e4f3873d1c7a.jpg
OPPO_2647,/data/data_thumbnail/1c1c8383da271d2b5443631cd518fac0.jpg
OPPO_2647,/data/data_thumbnail/8fe0a5d1907b90a5ed252d193655b183.jpg
Xiaomi_2647,/data/data_thumbnail/442cee7a8daddc63a63e17cd4e141636.jpg
Xiaomi_2647,/data/data_thumbnail/129e37b4540e9890ee4c50fc4916b17f.jpg
Tecno_2647,/data/data_thumbnail/0eb04ae220d37f1bdf95079dd4592534.png
Oukitel_2647,/data/data_thumbnail/48c8b1d6c004c85f123c0c3b46dc7e88.jpg
Vivo_2647,/data/data_thumbnail/f760b9010c4ca79f8cd735e9dd8b45b3.jpg
Samsung_2647,/data/data_thumbnail/c97af50186c95bf2013c97c9ad0cf85a.jpg
Realme_2647,/data/data_thumbnail/68b32dad175e04d6b11e7d814e050751.jpg
Xiaomi_2647,/data/data_thumbnail/5775a376f42f2135a074538c6dd744cf.jpg
Tecno_2647,/data/data_thumbnail/2cac770f2df6d2e941099c55ca7bc3ed.png
Tecno_2647,/data/data_thumbnail/bae8657f0575d83077acead76b55ab94.png
Tecno_2647,/data/data_thumbnail/bef1074a1db3130e2acb618026b796b5.png
Oukitel_2647,/data/data_thumbnail/b4e5facd9651da321c73901fed96b05c.png
Samsung_2647,/data/data_thumbnail/38e66ca463f40384683c6c34586a96db.jpg
Samsung_2647,/data/data_thumbnail/951ce4376fba8ba6da48d06ef24ae49d.jpg
OPPO_2647,/data/data_thumbnail/f88a0801f83d0dd30ff7d11863feedc8.jpg
Tecno_2647,/data/data_thumbnail/30446910f679ca87c6be93e15ee65313.png
Realme_2647,/data/data_thumbnail/b70607e3a326154305f26b9846442dcc.jpg
Vivo_2647,/data/data_thumbnail/2fdfaeea1009885ce0c191034f37526d.jpg
Samsung_2647,/data/data_thumbnail/519af1664517dca48d01d0bf6ce4a591.jpg
Samsung_2647,/data/data_thumbnail/2eb5ce66e7eb6709064082bca24f8dec.jpg
Xiaomi_2647,/data/data_thumbnail/c349a801e2faae57cb5c492a169611b0.jpg
Samsung_2647,/data/data_thumbnail/3779b7fa732e85008b1f273846c0e843.jpg
Samsung_2647,/data/data_thumbnail/36dd8d86f61450d2f3716876eb81e272.jpg
Samsung_2647,/data/data_thumbnail/d77336df289a4bb0b941ecafb00ce3f9.jpg
Samsung_2647,/data/data_thumbnail/3b9bb5fe3739e42d651e9c4614b56118.jpg
Samsung_2647,/data/data_thumbnail/03c736912b9bdf1589b1d70f1f41f5fa.jpg
Xiaomi_2647,/data/data_thumbnail/cea195f72a72fb920f384b17f141de8f.jpg
Samsung_2647,/data/data_thumbnail/cea63e53e6bc7666d87b0e645014be44.jpg
Xiaomi_2647,/data/data_thumbnail/8fe53c6faf9e982583e1720a32302533.jpg
Samsung_2647,/data/data_thumbnail/9bb2bb47b64072592c3a5684d24b05aa.jpg
Samsung_2647,/data/data_thumbnail/96c179d2caf001af70145c023899372c.jpg
Samsung_2647,/data/data_thumbnail/c0707f38609c646dce89485f25ae5b60.jpg
OPPO_2647,/data/data_thumbnail/9505f146f53a85c90aba467cbab52f87.jpg
Samsung_2647,/data/data_thumbnail/9534d4aa7e20d50851b6f60ff9bb71a7.jpg
Xiaomi_2647,/data/data_thumbnail/77390bb49342acf7f8f88bfb047e3767.jpg
Samsung_2647,/data/data_thumbnail/3186c7677906ea41731a2015820b024d.jpg
Samsung_2647,/data/data_thumbnail/3677fba98a29868b894da48975138e68.jpg
Samsung_2647,/data/data_thumbnail/2afe41f409473de7479ae3dc1c000a85.jpg
Xiaomi_2647,/data/data_thumbnail/e2dbd7afeaa0dbb81916f79277a13ca5.jpg
Samsung_2647,/data/data_thumbnail/57ecb234f2469212cea4ef535e761cf0.png
Xiaomi_2647,/data/data_thumbnail/8066360d53db70d28c15ba7e46514f0e.png
Xiaomi_2647,/data/data_thumbnail/001e13b720bbdc8be764d80a0541685e.jpg
OPPO_2647,/data/data_thumbnail/4d1319da1aa59072db84a997b5b615b7.jpg
Samsung_2647,/data/data_thumbnail/8193fa578e5b38d26adab34d0c022391.jpg
Tecno_2647,/data/data_thumbnail/13f1020133cbbe020c57192daaa440bd.jpg
OPPO_2647,/data/data_thumbnail/dc3003247012e26e4df3597a0e176fb4.jpg
Nokia_2647,/data/data_thumbnail/ff627aec226bdd6ba01ee8a443a81149.jpg
Xiaomi_2647,/data/data_thumbnail/979dc07a8afb4ec74d11733f6d09980e.png
Samsung_2647,/data/data_thumbnail/40eae99eb87b2f868a6c68d67f7ed2dd.jpg
Samsung_2647,/data/data_thumbnail/6127559b072c721ff8f5785d0eec0c7b.jpg
OPPO_2647,/data/data_thumbnail/2e28aac1766fd4ca0a45267a1f961036.jpg
Samsung_2647,/data/data_thumbnail/92242ec0fa8379873c7f5ae72189ad98.jpg
Xiaomi_2647,/data/data_thumbnail/642b4c98708a237ef2f355075f34c42c.jpg
Samsung_2647,/data/data_thumbnail/ebc7afd0c81e29e8b3d784e0328f146d.jpg
Xiaomi_2647,/data/data_thumbnail/a10814c91af4a28634700081b7f4d39c.jpg
Samsung_2647,/data/data_thumbnail/3924dc98ed43cb9c9b823401c21a703f.jpg
Samsung_2647,/data/data_thumbnail/798f3a83c3bc96c733d256b5b323b771.jpg
Xiaomi_2647,/data/data_thumbnail/107aa63efd7c546456b0132dc77fd232.jpg
Xiaomi_2647,/data/data_thumbnail/667cd19d4e2f5da58c5bd316cc11d079.jpg
Xiaomi_2647,/data/data_thumbnail/bce6429264c5f3c802b0cb8103406721.jpg
Samsung_2647,/data/data_thumbnail/4654f719e910209f922616c4736ab669.jpg
Samsung_2647,/data/data_thumbnail/e193e27ac3aefaaacaa5f188d2da3695.jpg
Samsung_2647,/data/data_thumbnail/16781d1cc45d9598564994ee8ab762e6.jpg
OPPO_2647,/data/data_thumbnail/9c4f554d4c46e5639a14241b4f8dcad3.png
Xiaomi_2647,/data/data_thumbnail/87889bf989c16062924057f92b791f63.jpg
Samsung_2647,/data/data_thumbnail/ece03a38f7e40c5ed0d997bd197b2982.jpg
OPPO_2647,/data/data_thumbnail/2055e70409171c01430f2f171e010a3c.jpg
Xiaomi_2647,/data/data_thumbnail/813566c3083fd419037de8d1a2f17978.jpg
OPPO_2647,/data/data_thumbnail/1c4f44d484dd0f62b64c157cb8a5d972.jpg
Samsung_2647,/data/data_thumbnail/31b138d064cbf93f1125c82e04be9b3e.jpg
Xiaomi_2647,/data/data_thumbnail/4db1b0278f239b5e9a5a02ea662683cb.jpg
OPPO_2647,/data/data_thumbnail/e3d1f1ebe69414bce614689e603b75f8.jpg
Samsung_2647,/data/data_thumbnail/3bb5d7dcea47428b4791990622e8a8e9.jpg
OPPO_2647,/data/data_thumbnail/7c373c5df27ec5082eff664075a6abe6.jpg
OPPO_2647,/data/data_thumbnail/38c329cde6176b1f74f809fa91cac363.jpg
OPPO_2647,/data/data_thumbnail/264c8aa7d29df05c26a0adcaf98b8675.jpg
Samsung_2647,/data/data_thumbnail/55d52954383f28ca3a524113ef1b1696.jpg
Samsung_2647,/data/data_thumbnail/cb6a97644f49fd959ebb32668f35838e.jpg
OPPO_2647,/data/data_thumbnail/0f532364ded061d710172de78612f326.jpg
OPPO_2647,/data/data_thumbnail/8099107baec809e4ffdf201951d71c9c.png
Vivo_2647,/data/data_thumbnail/ef8444a73e58c0559150cdec15912278.jpg
Samsung_2647,/data/data_thumbnail/c42699465e97b77f97184b2e8d6509c0.jpg
Samsung_2647,/data/data_thumbnail/305b3f911d2b27fdad8a11c700a5d3f7.jpg
OPPO_2647,/data/data_thumbnail/46ebe2e5152e9b80fcc08f52cf886bf9.jpg
Samsung_2647,/data/data_thumbnail/e91ac33673eb0994aeeaa119fae7c005.png
Xiaomi_2647,/data/data_thumbnail/945a07755ee1b8b8710bf8177fe76ad5.jpg
OPPO_2647,/data/data_thumbnail/b4acb4415f81253a0a3a47a3271d085e.jpg
OPPO_2647,/data/data_thumbnail/65aaba93b441de32dfb663d420db1e48.jpg
OPPO_2647,/data/data_thumbnail/fd9d13c7e65d6188152532291be38a80.jpg
OPPO_2647,/data/data_thumbnail/01d76f7af48ad9ebd6b0415df1b1643f.jpg
Samsung_2647,/data/data_thumbnail/9d1436a927bfa81f40e24cfe99e3c366.jpg
OPPO_2647,/data/data_thumbnail/41023cd6352ca5bdd6eaaad55e76dbd0.jpg
Samsung_2647,/data/data_thumbnail/7fb7189f554c53085579fab16e6217c0.jpg
Samsung_2647,/data/data_thumbnail/51cca3881d779f403b354218478f8a3e.jpg
Samsung_2647,/data/data_thumbnail/4dec324b629edbd739cd59c2c4a35fd6.jpg
OPPO_2647,/data/data_thumbnail/d99676a940cdeaa41f73cd7609929bf8.jpeg
Samsung_2647,/data/data_thumbnail/03a3c68f4a9425b0ad1880dbb520aaba.jpg
OPPO_2647,/data/data_thumbnail/c1dedc9c8c4c69ad7dac6ae1d726f83c.jpg
OPPO_2647,/data/data_thumbnail/d235980f8c1e83e1e259114dba1a9b92.jpg
Samsung_2647,/data/data_thumbnail/81c8d8c40167e0bcb5e2f1a28ce7ca77.jpg
OPPO_2647,/data/data_thumbnail/3ad3bf8b05b9d27347f976b073b0d87f.jpg
Tecno_2647,/data/data_thumbnail/b933033969ac238e6433973f9eb75aa4.png
OPPO_2647,/data/data_thumbnail/df258fe0bc632704f8fd2fe74062b492.jpg
Xiaomi_2647,/data/data_thumbnail/8a38aac9622608c71c658dbbfd1d28db.jpg
Samsung_2647,/data/data_thumbnail/a4c77e8ad5f32da4a7311c07b7db72a6.jpg
Samsung_2647,/data/data_thumbnail/d5f5e798257db24d591c609bc1390ed9.jpg
Xiaomi_2647,/data/data_thumbnail/b9894a0327e75cee1bdebb78b8ba6f0b.jpg
Samsung_2647,/data/data_thumbnail/ff0932b4a0c654a1d1c421f396a09cce.jpg
Samsung_2647,/data/data_thumbnail/7d124c95f94d350617e21e1cd249770a.jpg
OPPO_2647,/data/data_thumbnail/79737f2f76f1079c06f7a99b934fd901.png
Tecno_2647,/data/data_thumbnail/4ae74d6f9be80f696ea21d7437ef46ed.jpg
OPPO_2647,/data/data_thumbnail/7b95d1210d5f518403f037133d55aaf8.jpg
Vivo_2647,/data/data_thumbnail/915649ec168ddab698be8963ae9f76d4.jpg
OPPO_2647,/data/data_thumbnail/ca377d0bc0fe919755c2b751b48b6b99.jpg
OPPO_2647,/data/data_thumbnail/0babed98ded22be979b377580145c9f9.jpg
OPPO_2647,/data/data_thumbnail/46606195b1ce201ff36ab7d3eb7aca49.jpg
OPPO_2647,/data/data_thumbnail/64fdd19d43c9ca63df223089c299977d.jpg
Samsung_2647,/data/data_thumbnail/06d905bc9d3ffaf03bf5f468a6b4b286.jpg
Samsung_2647,/data/data_thumbnail/f317787324edefad11c19d9a3595938a.jpg
OPPO_2647,/data/data_thumbnail/af612ce8277997018a2cd62f7948291b.jpg
OPPO_2647,/data/data_thumbnail/1e7b43fd61ea0d68b0c3b5124c78ac3d.jpg
Vivo_2647,/data/data_thumbnail/6fdda2ff2f307c1c2df5a89998ad2230.jpg
OPPO_2647,/data/data_thumbnail/0477a0c0b2e3e12080f6674a98ecb215.jpg
Xiaomi_2647,/data/data_thumbnail/4a434d81d35acb2dc16cf21dfa6bf985.jpg
Xiaomi_2647,/data/data_thumbnail/1682bb0a98311e4918439f544b47013c.jpg
Samsung_2647,/data/data_thumbnail/96abd82e05e65f747c5e1116c04fcac3.jpg
Xiaomi_2647,/data/data_thumbnail/3a4c493c87eb0454af169ec35349d6ed.jpg
Samsung_2647,/data/data_thumbnail/44532871c3fce4c26444e1e5530ea7f7.jpeg
Samsung_2647,/data/data_thumbnail/d496de6bc8611add25cc7d1b2011fc20.jpg
Samsung_2647,/data/data_thumbnail/d7534d7a7b08d0fd3db8446c300fe16d.jpg
Vivo_2647,/data/data_thumbnail/f475de2d5fc3aaafdedd442ad46cd7e9.jpg
Samsung_2647,/data/data_thumbnail/07b8093598918d81c1d8ba354d073f7e.jpg
Samsung_2647,/data/data_thumbnail/9c2008a0b8842e0679fea213568d64dd.png
Samsung_2647,/data/data_thumbnail/85516d2d17a0bf1b9abef5c5ab1f2ebd.jpg
Xiaomi_2647,/data/data_thumbnail/6006994eca7ae21a0d38de2c315f77b1.jpg
Samsung_2647,/data/data_thumbnail/022a83c9d9bddfe244dea2e4c8d5ab31.jpg
Samsung_2647,/data/data_thumbnail/bfecf1d62a7eccd1ef83bfa1f01de93f.png
Samsung_2647,/data/data_thumbnail/73e1747b645972bf20b6d0f8a67c4e51.png
Samsung_2647,/data/data_thumbnail/6e783dcd433ef3774fcc2632a19651b3.jpg
Samsung_2647,/data/data_thumbnail/77170fa5a890ad907c5b4210f15461a3.jpg
Xiaomi_2647,/data/data_thumbnail/86c388951ed1843e58227a75b0792960.jpg
Samsung_2647,/data/data_thumbnail/c94b4c6ee769d0a3b10c064de3827e5f.png
Samsung_2647,/data/data_thumbnail/178346b717953d746e4c8ad01927c340.jpg
OPPO_2647,/data/data_thumbnail/0c545681d9ef5fffbb6f3703b9f85290.jpg
Samsung_2647,/data/data_thumbnail/e1e9461d4cb666b3414b9cded6c1ee32.png
Realme_2647,/data/data_thumbnail/336ea6a5f0bbe1511df1d748a3c16941.jpg
Samsung_2647,/data/data_thumbnail/bc90bb30a6ad7bcd3a6dc2dfd7b3d014.jpg
Samsung_2647,/data/data_thumbnail/9276fed6169e2a7b9d6ff26709c3eaaf.jpg
Nokia_2647,/data/data_thumbnail/7ca5413997197b19b8d5299995e13197.jpg
Samsung_2647,/data/data_thumbnail/0de7e8be7af682f3a9be6c3076acd2dd.jpg
Samsung_2647,/data/data_thumbnail/93576a36e6fad9f19294f5e309097b28.jpg
Xiaomi_2647,/data/data_thumbnail/74a193f6e80d4a94909b493a4429d2f7.jpg
OPPO_2647,/data/data_thumbnail/4a2b685397627cea65312c6114c85192.jpg
Realme_2647,/data/data_thumbnail/7dc131b4925e358e8be144f825cbb7c8.jpg
Xiaomi_2647,/data/data_thumbnail/27dd0678039995e5ba7f9928f080ed94.jpg
Samsung_2647,/data/data_thumbnail/8cfe51f49e74d7ada464d77890f6770a.jpg
Realme_2647,/data/data_thumbnail/6a053b3d067bc57c941775944543aad0.jpg
Xiaomi_2647,/data/data_thumbnail/7b2875d2e8b7fb0fcd74b214c5bcbcf9.jpg
Xiaomi_2647,/data/data_thumbnail/6fcddab1e59ef33bdbccd898cdaa3f36.jpg
OPPO_2647,/data/data_thumbnail/3b0225aff425f2fe65333cc1d93711dd.jpg
OEM_2647,/data/data_thumbnail/3da007c3016da12830df29455a884384.jpg
OEM_2647,/data/data_thumbnail/0b6adb422066e0168fb5e6f96cb99dab.jpg
Samsung_2647,/data/data_thumbnail/9261615124c930e520f8d7de6de4d030.jpg
Samsung_2647,/data/data_thumbnail/ee375147983fe6d1841b172efa682416.png
Realme_2647,/data/data_thumbnail/336ea6a5f0bbe1511df1d748a3c16941.jpg
Samsung_2647,/data/data_thumbnail/9589746b37214465c72f3632572d56c0.jpg
OEM_2647,/data/data_thumbnail/f9e3de44489676f2221ccf605b33b2b2.jpeg
OPPO_2647,/data/data_thumbnail/e570cb3bec7b98727137c5f1b524cbab.png
Realme_2647,/data/data_thumbnail/3760ac61f4fa649c78342bbe54cc2dcc.jpg
Samsung_2647,/data/data_thumbnail/779497734567a7ac0c1921f4a30919f6.jpg
Vivo_2647,/data/data_thumbnail/6fc28ee738cc400d70d781f9d41a4c92.jpg
Samsung_2647,/data/data_thumbnail/6733dca8fd37e1672113f75ffa5907db.jpg
Samsung_2647,/data/data_thumbnail/3b9301325260fc8e46c5b237d17e5887.jpg
OPPO_2647,/data/data_thumbnail/7cd437871c1a062f6481aff42eb5b480.jpg
Samsung_2647,/data/data_thumbnail/f35a9cc3af6438f1bfc3781034902d2a.jpg
Samsung_2647,/data/data_thumbnail/dbe0237b0376fcd0482a250a6da749d0.jpg
Realme_2647,/data/data_thumbnail/d8e35540bbad051b6182573802e60a5a.jpg
Samsung_2647,/data/data_thumbnail/e52cea9d1f17f979d1e97384c4ccd200.jpg
Vivo_2647,/data/data_thumbnail/ddf6e4fba43bee2e24d92d089c500872.jpg
Samsung_2647,/data/data_thumbnail/19c4afa42c10b086741d1fc6c816c93f.jpg
OPPO_2647,/data/data_thumbnail/8cebb21dccc2a22ecc08efabac640f22.jpeg
OEM_2647,/data/data_thumbnail/d36dad334a678fc223fe1f0bf856cdd2.png
Samsung_2647,/data/data_thumbnail/99ab8df76971bd98cb30c61a58617668.jpg
Tecno_2647,/data/data_thumbnail/e02cd05ba6a2c196321037b666bf980f.jpg
Samsung_2647,/data/data_thumbnail/e65f1badee627eebc779a889ac940348.jpg
Xiaomi_2647,/data/data_thumbnail/dca43690294b4822695ac04b4e6be0eb.jpg
Nokia_2647,/data/data_thumbnail/2832acbd899449cc3959f5d93463b1d9.jpg
Samsung_2647,/data/data_thumbnail/0d59285b496658e4cceb2761dd155eb2.png
Samsung_2647,/data/data_thumbnail/c722393d1c2871116d8145ebe854cb6d.jpg
Samsung_2647,/data/data_thumbnail/4cbbbc6ef43cd67a64864e9101e23998.png
Samsung_2647,/data/data_thumbnail/7767f3fd9191ec5aa26dd3be10491d13.jpg
Xiaomi_2647,/data/data_thumbnail/ce4f58f87068b5950288c57a607c5424.jpg
Xiaomi_2647,/data/data_thumbnail/ea667fce28b699247db2260af8f70f69.jpg
Samsung_2647,/data/data_thumbnail/6bd08efa24bbc67a821c3e0efc642296.jpg
Vivo_2647,/data/data_thumbnail/3b76bd0b3c56f91a04cc1a0f7f011f92.jpg
Oukitel_2647,/data/data_thumbnail/d35336c3126729a85f5f4d4dfe24e2c8.png
Samsung_2647,/data/data_thumbnail/8c8e32105e6d962b73f4056deba909dc.jpg
Samsung_2647,/data/data_thumbnail/986f91832dd9e03751c8e4e7ed3fac24.jpg
Samsung_2647,/data/data_thumbnail/e07104e237f497953e9712d9f31f5998.jpg
Samsung_2647,/data/data_thumbnail/8cd1bbcb146a9ca8e51c1779f2a49e0f.jpg
Xiaomi_2647,/data/data_thumbnail/12297e0c98ec3e3404c9e5c432454767.png
Samsung_2647,/data/data_thumbnail/3d4fc31120429dcd03f2da1a9b7d1b6f.png
Tecno_2647,/data/data_thumbnail/ae8e45eb4e35b432695a70d8fc899a38.jpg
Samsung_2647,/data/data_thumbnail/201c2c165fa585cee449b3440a6ecc5f.jpg
Samsung_2647,/data/data_thumbnail/4f8c7a06ab278b57365642f71f53367b.jpg
Samsung_2647,/data/data_thumbnail/a7bc257e0a62483f4126504a47342372.jpeg
Samsung_2647,/data/data_thumbnail/2cb250fc4f1e467d3cecfe437ce49080.jpg
Xiaomi_2647,/data/data_thumbnail/97499eee2be001c16525af7595d52086.jpg
Samsung_2647,/data/data_thumbnail/469a53ff9990d2eb15dd6a5dd6de86f3.jpg
Samsung_2647,/data/data_thumbnail/fd601f85a95ac8c070ba3c12e4f9fc38.png
Samsung_2647,/data/data_thumbnail/0377a2c7ae77253918874e2fb669e31a.jpeg
Samsung_2647,/data/data_thumbnail/9cda56b4e4411b23fc5fd5fee9d32fe8.jpg
Xiaomi_2647,/data/data_thumbnail/492faa8e22e459df5ffb0ef089cf26ac.jpg
Samsung_2647,/data/data_thumbnail/59e0975b2d5b0b2a97ce9126071cda33.jpg
Samsung_2647,/data/data_thumbnail/d363a308ac177ecb557d1cd799e30ab2.png
OPPO_2647,/data/data_thumbnail/15b63506048c9bb460ba3c9347c913b3.jpg
OPPO_2647,/data/data_thumbnail/82e07c9e539b908ac885bb8a7cade8fd.jpg
OPPO_2647,/data/data_thumbnail/dcd6972c2444d72501e12ee7ff98b8f9.jpg
OPPO_2647,/data/data_thumbnail/2c81d6e0164c88b08a574b01c370f39f.jpg
Apple_2647,/data/data_thumbnail/675e31a670afc560e7b0e46c0b65fb4f.png
Tecno_2647,/data/data_thumbnail/bd7e1c1b1077827860cd3e7e1a0d438a.png
Xiaomi_2647,/data/data_thumbnail/443f6062d8e4057506212ba1cdd8f401.jpg
Tecno_2647,/data/data_thumbnail/6d82d82d2f2e89a4193538374f0b8657.jpg
Nokia_2647,/data/data_thumbnail/d2a1aa9bdc7fc4cd02d517a8dd058f83.jpg
OPPO_2647,/data/data_thumbnail/1231b77093502a08f25f204c1fc4c3bb.jpg
Tecno_2647,/data/data_thumbnail/caa24bf38721f9b9ea0e10ad8ee9e35b.png
Samsung_2647,/data/data_thumbnail/80c2814c51357f7af54c04f5c6bdf72a.jpg
Apple_2647,/data/data_thumbnail/84a16c41ac07ce50d754e44a16ecbd1c.jpg
Apple_2647,/data/data_thumbnail/ce008c63f4ac771550439da44f5f8ee8.png
Realme_2647,/data/data_thumbnail/403685bca48a59f4b9b8d90da9b9b687.jpg
Samsung_2647,/data/data_thumbnail/47f8ded54d355da85db41be95b23d5de.jpg
Samsung_2647,/data/data_thumbnail/c757cd53a900b0e0f8f09d19f940125b.jpg
Nokia_2647,/data/data_thumbnail/3fcc90a1300a79922ec58ef22afae47a.jpg
Samsung_2647,/data/data_thumbnail/3592149163ca9c244046466598187123.jpg
Xiaomi_2647,/data/data_thumbnail/092e796c9ad3bebbd0751cd281865494.jpg
Xiaomi_2647,/data/data_thumbnail/8bb9c453ddaeccc6a5290364a109298c.jpg
OPPO_2647,/data/data_thumbnail/9797a887a3a3efde7bc318e1c57d3b2f.jpg
Xiaomi_2647,/data/data_thumbnail/45a9ad6f75e823bc13fb9163eb8f2e0f.jpg
Realme_2647,/data/data_thumbnail/443d2f7add449d7a0ee6101fd58863a1.jpg
Xiaomi_2647,/data/data_thumbnail/5771b478cb22c0fbb0613d834815fdbe.jpg
OPPO_2647,/data/data_thumbnail/5f0a14eea86d3c25e5203f1012cfcae9.jpg
Apple_2647,/data/data_thumbnail/4be0add110579c0ce57e53fba16e656e.png
Itel_2647,/data/data_thumbnail/6139c593b35e21be17feb5869d173f6a.jpg
Samsung_2647,/data/data_thumbnail/95ad59400fe0661c9131b595eb8d76f0.jpg
Xiaomi_2647,/data/data_thumbnail/10cc3a5d925ac1cac76b9f0fab3b5517.png
Tecno_2647,/data/data_thumbnail/6ccc5fb0024208fec3ca336af2b04d44.png
Xiaomi_2647,/data/data_thumbnail/d83c2f42fd59ea8fbb1c10a4b9ccc787.jpg
Samsung_2647,/data/data_thumbnail/a74f2d36e9958f47000a90bcd8d59212.jpg
Xiaomi_2647,/data/data_thumbnail/6f36fa11f6520922a6031a599a405380.jpg
Samsung_2647,/data/data_thumbnail/cf97eb4ad97a3620f6251b42ce1db375.jpg
OPPO_2647,/data/data_thumbnail/01de9c224ff4805c8a65dac8464305b8.jpeg
Samsung_2647,/data/data_thumbnail/e61bd148cc4e18f960ca1fb03f0ffe16.jpg
Nokia_2647,/data/data_thumbnail/2cd23ff842c4c5acf7cee7f99f796cac.jpg
Xiaomi_2647,/data/data_thumbnail/ab2feec28600da7db16bfbc5e9dbe70d.jpg
Samsung_2647,/data/data_thumbnail/9cc6cf844ade1b53be6c5c7c5c4d39a2.jpg
Nokia_2647,/data/data_thumbnail/9c96e41dc0dadcd6a95314bb572b195c.jpg
Samsung_2647,/data/data_thumbnail/7c3efad4ce0bdc3c26fe094f6a581b84.jpg
Samsung_2647,/data/data_thumbnail/cfca72b4e04b0964921077df214b16b4.jpg
Samsung_2647,/data/data_thumbnail/cd7e8e4ff3f5ee9bacef114e7d9cabec.png
Tecno_2647,/data/data_thumbnail/dccd3498a4454117d33d18c3331f5065.jpg
Samsung_2647,/data/data_thumbnail/7ec6ad5943179c4b2ad5ae8b79798599.jpeg
Apple_2647,/data/data_thumbnail/20cdb4e6168b995e8b7a1f031559ea18.png
Xiaomi_2647,/data/data_thumbnail/22d4c3379070bb54705a863c5d0307a7.jpg
Realme_2647,/data/data_thumbnail/2b2d01a950b25aa662957ad245ea98c6.jpg
Tecno_2647,/data/data_thumbnail/8191e796725e779a425766d2649aa4c7.jpg
Apple_2647,/data/data_thumbnail/2e5ced5d878995fec8abe48ec0afce14.jpg
Xiaomi_2647,/data/data_thumbnail/9e1f3de2e8255319a3a7ac6dbfc0f6c6.jpg
Nokia_2647,/data/data_thumbnail/cefaacfe8344d40f5a20e8e0547689b9.jpg
Xiaomi_2647,/data/data_thumbnail/c97841007b985c811e2f93bef771bef4.jpg
Samsung_2647,/data/data_thumbnail/0731d67e955f10126407975852d18230.jpg
Xiaomi_2647,/data/data_thumbnail/a908a41b76ec569a1f49511b2f0cd6e3.jpg
Xiaomi_2647,/data/data_thumbnail/ef7d3f90a52652e2728cbe0e87522b00.jpg
Samsung_2647,/data/data_thumbnail/0da7d803caca83988094d466520348d7.jpg
Realme_2647,/data/data_thumbnail/4dee20ceac4f6f12f23bdb11c1a4ba1f.png
Samsung_2647,/data/data_thumbnail/c1f1bfdb9c92ab519861cf641cf4dafd.jpg
Xiaomi_2647,/data/data_thumbnail/92223c74833318d20aa524852701b07a.jpg
Nokia_2647,/data/data_thumbnail/65e697d23df4ffbbefd45e3c9f8f7977.jpg
Samsung_2647,/data/data_thumbnail/72188d40bf86134fd9249a755854c497.jpg
Samsung_2647,/data/data_thumbnail/95c376c1ac28830260b4dab6dc8c8fa7.png
OPPO_2647,/data/data_thumbnail/1b7841f443f4c66e94623cf280808966.jpg
Tecno_2647,/data/data_thumbnail/792750211bd671855307556a32c24ceb.jpg
OEM_2647,/data/data_thumbnail/819d4e19a9b1aae412b2d9789eff1796.jpg
Tecno_2647,/data/data_thumbnail/685eedf97501a5dd59ee64414fd9ebdb.png
OPPO_2647,/data/data_thumbnail/500d71a304ca75cbc7257ec800eb6583.jpg
OPPO_2647,/data/data_thumbnail/60c31c2e42ec02df09a33a3c3847d78d.jpg
Samsung_2647,/data/data_thumbnail/749d54195b098937715e700615bfff2b.jpg
Nokia_2647,/data/data_thumbnail/0a57ad9097a07423baf350e62ea91a00.jpg
Xiaomi_2647,/data/data_thumbnail/3eaecab7467f7d322e843289856071f4.jpg
Xiaomi_2647,/data/data_thumbnail/8074cc740ebffaa87839a5f985f9f0f1.jpg
Tecno_2647,/data/data_thumbnail/534eaff816c2126a7c49608e3b5a41fe.jpg
OEM_2647,/data/data_thumbnail/fb6f0979ac8fdca2b83603478c6577b9.jpg
Realme_2647,/data/data_thumbnail/a84777af908b3ee488a72ab21643826b.jpg
Xiaomi_2647,/data/data_thumbnail/7dd30e6f4a59c2303f573a7460ad35d2.jpg
Nokia_2647,/data/data_thumbnail/320e2856c54c4d90d046800fc7735948.jpg
OEM_2647,/data/data_thumbnail/9f7c36517b12f8fe4ca3c8d7c962752f.jpg
Tecno_2647,/data/data_thumbnail/0de04a378493236cd4321ed0a4c02e6a.png
Apple_2647,/data/data_thumbnail/d779c7b58bf0e74d45972e8a359e1d4e.png
Nokia_2649,/data/data_thumbnail/8707396c60c5d6e2e6aabbe8a21f2472.png
Realme_2647,/data/data_thumbnail/e947820d51e655801893c6fa9bb53d2c.jpg
Samsung_2647,/data/data_thumbnail/1687f3f7dd3373a9651d27b5bff18e0a.jpeg
Samsung_2647,/data/data_thumbnail/f3415d8d073a6071331c74075a4f32c2.jpg
Realme_2647,/data/data_thumbnail/195d41643e144d0e476f44aff6cd2233.jpg
Realme_2647,/data/data_thumbnail/63257282400dfe5e2a9a357c39247116.jpg
Samsung_2647,/data/data_thumbnail/d74d846c90968967bdff844f4e39fe7d.jpg
Samsung_2647,/data/data_thumbnail/985e5c264d8034d7c4b92847aa7332c8.png
Xiaomi_2647,/data/data_thumbnail/835e5c6b51dd2280a81ae54bf75e81cb.png
Samsung_2647,/data/data_thumbnail/0d8fc0ee846f2d811ae5ab8910ef7a19.jpg
Oukitel_2647,/data/data_thumbnail/1ae9c5fb0cdb71058b2c6f8b3c57e402.jpg
Oukitel_2647,/data/data_thumbnail/ba244a453297ca42f7c64563c06e6ca8.jpg
Tecno_2647,/data/data_thumbnail/f6b8b4e62ecb73ef3f7757468d49bc0e.png
Samsung_2647,/data/data_thumbnail/d26c60a94c7f6bbf312140c793458a54.jpeg
Xiaomi_2647,/data/data_thumbnail/5c01555d6bb28aba91815f6aa22f32b8.jpg
Samsung_2647,/data/data_thumbnail/9c05635f7dde9b4f1711a04dd2b2f295.jpg
Samsung_2647,/data/data_thumbnail/6c59eb680fc52655419197b9cbe81673.jpg
Samsung_2647,/data/data_thumbnail/5dd9e1b9664ca4a3398a7c32e17794bc.jpg
Xiaomi_2647,/data/data_thumbnail/fca980c975902c4d6435108482e72654.jpg
Xiaomi_2647,/data/data_thumbnail/901ffff419f5068477b4234ea3dc5feb.jpg
Xiaomi_2647,/data/data_thumbnail/aff84caf01d689248e03ab75462cff99.png
Samsung_2647,/data/data_thumbnail/5fb552b1d18fa723ce5c1a468c97e003.jpg
Vivo_2647,/data/data_thumbnail/94ab484334befb2106ab6d0479fe6d7d.jpg
Xiaomi_2647,/data/data_thumbnail/a92b2f254fbd48bc93d0de920c886940.jpg
Samsung_2647,/data/data_thumbnail/749777db02fdd210fb9a9f860fc16bed.jpg
Vivo_2647,/data/data_thumbnail/63661c64c88afc353e2a7a8dd3258277.png
Vivo_2647,/data/data_thumbnail/e774de36a603052736c87f7960fa4c9b.png
Xiaomi_2647,/data/data_thumbnail/760bf974a0bb923602e8f0338e095444.jpg
OPPO_2647,/data/data_thumbnail/fd6ee9379f463297978b86161a107993.jpg
Vivo_2647,/data/data_thumbnail/0e7684cd9faf76e3e65d60ba31f17f3a.png
Samsung_2647,/data/data_thumbnail/a6707bc328931caed31e19b514f91725.jpg
Samsung_2647,/data/data_thumbnail/141a592b9e060ae7c5f5f253dc82904f.jpg
Xiaomi_2647,/data/data_thumbnail/e814ca8cc8956409da3c27844265f7e6.jpg
Xiaomi_2647,/data/data_thumbnail/c51b10b5e32ebfd1116e9bb679b6bc85.jpg
Samsung_2647,/data/data_thumbnail/c929d736fdd24456c4e5b5133cd1f99b.jpg
Nokia_2647,/data/data_thumbnail/dc4d08a8b156a0c2f797f95a1860bc8c.jpg
OPPO_2647,/data/data_thumbnail/74afe4e62f8035928d29628affbd3f10.jpg
Xiaomi_2647,/data/data_thumbnail/de1e817c1af53ddc96d24326af91a993.jpg
Xiaomi_2647,/data/data_thumbnail/07a9915814827b6be9c40a02bfea40af.jpg
OPPO_2647,/data/data_thumbnail/7c35afa86196204530a071e219ab7797.jpg
Samsung_2647,/data/data_thumbnail/46274f705126ac48ea5c174457702074.jpg
Oukitel_2647,/data/data_thumbnail/513325a975bee29b4b1dbbb0ef769747.jpg
Samsung_2647,/data/data_thumbnail/89386d290ba7796cf3671efa3bd63753.png
Samsung_2647,/data/data_thumbnail/b28ba008d21f08f08a45855f194c381b.jpg
Xiaomi_2647,/data/data_thumbnail/cceb074eb139b52a0bd5233a78de8f2d.jpg
Xiaomi_2647,/data/data_thumbnail/32338e3412dbaef3ed5cf14d5cc94dc7.jpg
Samsung_2647,/data/data_thumbnail/4181d596d46316edf2b37570ba2f69e6.jpg
Realme_2647,/data/data_thumbnail/e2d7de3df04fc48b6e7adbce3a48c4c7.jpg
Itel_2647,/data/data_thumbnail/fd0e719dd0b45dc932e22cb0fc141378.png
Samsung_2647,/data/data_thumbnail/cbbfbc89f998b2b37112b56875fd8ad7.jpg
Realme_2647,/data/data_thumbnail/38844685cb076526d6c956e27da3000e.jpg
Xiaomi_2647,/data/data_thumbnail/0439afb6c029463a8a2c5e995dac971a.jpg
Samsung_2647,/data/data_thumbnail/6a2ef841e720aadddf353ad8452b7263.jpg
OPPO_2647,/data/data_thumbnail/52328c823187d463746d215ea3898e56.jpg
Vivo_2647,/data/data_thumbnail/f018e67f8f365475e0e0552afd4caec9.png
Samsung_2647,/data/data_thumbnail/507bb392a44fbf3f6ed3e1cd0e8b96ac.jpg
Samsung_2647,/data/data_thumbnail/fba6e7981306512c14040e109f168751.jpg
OPPO_2647,/data/data_thumbnail/46ecf4ae7fe180be4e4bca8ec6e5c668.jpg
OPPO_2647,/data/data_thumbnail/9252bbcf5e93eb748b34ee74db06089e.jpg
Samsung_2647,/data/data_thumbnail/5a15332de8cc23e31c69b3d580fbf00e.png
Samsung_2647,/data/data_thumbnail/93d5a550337f5642f8b52e68529dd06e.jpg
Xiaomi_2647,/data/data_thumbnail/e09a7eb4403b1d7da4050f97fa722f1f.jpg
Samsung_2647,/data/data_thumbnail/edf04cad458f0bdfebacae989ede8930.jpg
Samsung_2647,/data/data_thumbnail/04cc9ee84cbf5239e6c5e19ee0203801.jpg
Samsung_2647,/data/data_thumbnail/a34a2629ed25199ad62dc74b8ebfdc7c.jpg
Samsung_2647,/data/data_thumbnail/e30e0ab29ef11378ba87ba0a91441b00.png
Realme_2647,/data/data_thumbnail/ec8886a90db51f52c0a9e84ca21b1e90.jpg
Samsung_2647,/data/data_thumbnail/094812f391a7dbc3f6e67f53409a8b7b.jpg
OPPO_2647,/data/data_thumbnail/d71f24cd248b608f223c2005e35a4bdf.jpg
Samsung_2647,/data/data_thumbnail/e71922983915db27caa09e0218411e79.jpg
Samsung_2647,/data/data_thumbnail/ea982100a6a2a3681f23a5db2cf87e4b.jpg
Samsung_2647,/data/data_thumbnail/0bfe516bc7a4639039e1e2e9035aa48c.jpg
Samsung_2647,/data/data_thumbnail/124feb2530ba96a9ed6dd0a8f5c6d005.jpg
Xiaomi_2647,/data/data_thumbnail/873e7a946133d6e4a61ca959d224fc75.jpg
Xiaomi_2647,/data/data_thumbnail/143828c39dc5a504daf1f00341ada127.jpg
Samsung_2647,/data/data_thumbnail/a077a3954b974eae3f4736f6caab3268.jpg
Samsung_2647,/data/data_thumbnail/5c817376fd500c13f61e956cc294d337.jpg
Samsung_2647,/data/data_thumbnail/f74f93d0a238260ae402a04c74a834e0.jpg
Xiaomi_2647,/data/data_thumbnail/ea9379c775b4a222cc50d6155e353475.png
OPPO_2647,/data/data_thumbnail/60abb4e9f4437e3aab275e6cd9b4a5cb.jpg
Samsung_2647,/data/data_thumbnail/ac126bd02ca86af4abc33be4990c9ba5.jpg
OPPO_2647,/data/data_thumbnail/ea0678a8d716ca2a33cc3fbf34942050.jpg
Samsung_2647,/data/data_thumbnail/0b9883c2b83211ed6e53c3fd2c36e394.jpg
Xiaomi_2647,/data/data_thumbnail/e96911f68a37664e0dac06e6de4801a7.jpg
OPPO_2647,/data/data_thumbnail/9d217ff0d7d04a82e1423ef591aeb538.jpg
Samsung_2647,/data/data_thumbnail/18ca6112fe6288667d1ab457d91da461.jpg
OPPO_2647,/data/data_thumbnail/318302adfd99ba819a41937415d1fbb9.jpg
Xiaomi_2647,/data/data_thumbnail/f72a0c480f454c71d130fae28608ec69.jpg
Samsung_2647,/data/data_thumbnail/8c7a6feb61093eec01ee072475d4a070.jpg
Samsung_2647,/data/data_thumbnail/b7eb1a8ea05eea213d49c79e0d173578.jpg
Samsung_2647,/data/data_thumbnail/b22733e66028d1f13fc7b098efecb4cb.jpg
Samsung_2647,/data/data_thumbnail/3059307a785f03189de46cb100cb3526.jpg
Xiaomi_2647,/data/data_thumbnail/ae31b7f31c0e29e70d6becbc62f11f9e.jpg
Realme_2647,/data/data_thumbnail/33664517beede300262734863c913bb3.jpg
Samsung_2647,/data/data_thumbnail/78bd70fa4a98c10a0137f042cc8d4923.jpg
Samsung_2647,/data/data_thumbnail/ff8e97877c47cd310dc5f3cf8b8f7a1f.jpg
Itel_2647,/data/data_thumbnail/4e2793dc548daaabb08e5ebdbcf84632.jpg
Samsung_2647,/data/data_thumbnail/f30749d487cb1b7be4e47cd6bcb2f5b1.jpg
Samsung_2647,/data/data_thumbnail/454af418dbcdd31552fd099bb08aa14e.jpg
Samsung_2647,/data/data_thumbnail/95fbb4f1726ef132c80a00d5c70c6809.jpg
Samsung_2647,/data/data_thumbnail/240630a246859e6401740896eeb17cda.jpg
Samsung_2647,/data/data_thumbnail/dc509e10b651feb37a86f5a0fde4718a.jpg
Samsung_2647,/data/data_thumbnail/41ede93e9faa25f85fa21d585e6a6207.jpg
Itel_2647,/data/data_thumbnail/c3d4e37c8045865da1f616a0426b6d2f.jpg
Samsung_2647,/data/data_thumbnail/86d7bd4421f61d5778eb4e7765f39f51.jpg
Xiaomi_2647,/data/data_thumbnail/16e904b20f2fa79150ae373142657ea0.jpg
Xiaomi_2647,/data/data_thumbnail/f96b43b88c559bef8b66eb10681c1bb6.jpg
Xiaomi_2647,/data/data_thumbnail/b4b748bd453bb621af9dc82d0e5fb3bf.jpg
Samsung_2647,/data/data_thumbnail/043a35d3c619b9b856eea6e0e4bce6ae.jpg
Samsung_2647,/data/data_thumbnail/d2743deaa389e49011ebdba8b24b540b.jpg
Samsung_2647,/data/data_thumbnail/54c62ee42c75075dce22d01f2c6c94f6.png
Samsung_2647,/data/data_thumbnail/83564f1782bb0d6a1d5e3aa87285562e.jpg
Samsung_2647,/data/data_thumbnail/6d3c01a09e7002f8e2b9e15757130c70.jpg
Samsung_2647,/data/data_thumbnail/d99b69c3135384306cdfed74a5aaf5b3.jpg
OEM_2647,/data/data_thumbnail/becc98bf539d8ba075d80d100a556b9c.jpg
Nokia_2647,/data/data_thumbnail/6f47aed8aa83b136fa3f050136162fb4.png
Samsung_2647,/data/data_thumbnail/ed0a07990ef902b77bf42ff7bf76928f.jpg
Xiaomi_2647,/data/data_thumbnail/fc07390a37fbffda7194c0536fda274f.jpg
Samsung_2647,/data/data_thumbnail/1e230ac0374e36c2ef482caa0175dc29.jpg
Samsung_2647,/data/data_thumbnail/f0cb1de85deb61d1abd6c4b4893da998.jpg
Realme_2647,/data/data_thumbnail/0df671340e3b597bd55a1d6f2f9313c1.jpg
Samsung_2647,/data/data_thumbnail/5aed6cc79327d1684a30fe63fba9243c.jpg
OPPO_2647,/data/data_thumbnail/216af46423d33f3a905a828024bc6f67.jpg
Xiaomi_2647,/data/data_thumbnail/cb9d82ec051bd2f75d85c4ef71e30e74.jpg
Samsung_2647,/data/data_thumbnail/60d616a8a1067942800cd85ef47351cb.jpg
Samsung_2647,/data/data_thumbnail/c3425ef70f5cf4442ea5e09861ed6cc1.jpg
Samsung_2647,/data/data_thumbnail/89226a0a5c252618d6486412c6a021ee.jpeg
OPPO_2647,/data/data_thumbnail/1e55236ed0369c56e7221f1f29507fd8.jpg
Xiaomi_2647,/data/data_thumbnail/8ff0b13c9ce99cd0118188729e1aeec4.jpg
Samsung_2647,/data/data_thumbnail/3c18c7bdb6a36b7490e1910d3361600f.jpg
Samsung_2647,/data/data_thumbnail/561efd2f50f9d9c9dd103ab044bdb1db.jpg
Samsung_2647,/data/data_thumbnail/0b47f6aed89d34925e55c57b1a78272b.jpg
Realme_2647,/data/data_thumbnail/52e153809c7d8bbb2ffde0aac9f16e9f.jpg
Samsung_2647,/data/data_thumbnail/bda63239ff3750311e6a9cf668b97e9d.png
Samsung_2647,/data/data_thumbnail/ebd0b564068222dd9ccf2d42bc050432.jpg
Vivo_2647,/data/data_thumbnail/94f168d05a45b9d9c8e6c018bb69cd6c.jpg
Samsung_2647,/data/data_thumbnail/ef163a15300b7ad91bb5b15812a5434d.png
Samsung_2647,/data/data_thumbnail/c8f53823f33cb25c5d50480cce9794a5.jpg
OPPO_2647,/data/data_thumbnail/46ba068a59f4eb2c1131b827f5638cc2.jpg
Samsung_2647,/data/data_thumbnail/9033b612fc3b98f8d18694d50a220eab.jpg
Samsung_2647,/data/data_thumbnail/aebe1adfa899e8673177008ad1e4e6ff.jpg
OPPO_2647,/data/data_thumbnail/14b133803874c2b3eb5ecfb7c7979e89.jpg
OPPO_2647,/data/data_thumbnail/8408c14631ba3651997addf1ce10c110.jpg
Samsung_2647,/data/data_thumbnail/594d0a9f91fd3a077d5e6b5a01ee167e.png
Samsung_2647,/data/data_thumbnail/650110e50dc0b1ca40aa63ee81fc4406.jpg
Xiaomi_2647,/data/data_thumbnail/7a33ef0ebf3584087103e32e75756e07.jpg
Xiaomi_2647,/data/data_thumbnail/fc99a126eb14f7f427cf50acc685947e.jpg
Samsung_2647,/data/data_thumbnail/bb43dfcfeb33f6cd66010798dab7c97b.png
Samsung_2647,/data/data_thumbnail/6a74c96ca68995e82e7ab75e44ef2de1.jpg
Samsung_2647,/data/data_thumbnail/3a9dd21b9368a62a5a21d84f70682048.jpg
Samsung_2647,/data/data_thumbnail/dace786cc71ba45dd245fb2ee7862619.jpg
Xiaomi_2647,/data/data_thumbnail/f3520a6e12feb9624f013281b8dc242d.jpg
Samsung_2647,/data/data_thumbnail/1d4035e12dac9b308f27c0a20c3125fa.jpg
Samsung_2647,/data/data_thumbnail/4f861dd4a9cd6a05563403062e655a01.jpg
Vivo_2647,/data/data_thumbnail/42278ef560bb9d8dae92cdffab0b1f57.jpg
OEM_2647,/data/data_thumbnail/cab8b0a8061f6240324c1a1298a849f3.jpg
Samsung_2647,/data/data_thumbnail/5d7f00d4be09009bd315b60570f3bd0a.jpg
Samsung_2647,/data/data_thumbnail/3c45c18cd5176b21eb6adc7c3447bfc4.jpg
Xiaomi_2647,/data/data_thumbnail/28582278816c8f80402783f9eeff2f51.jpg
Samsung_2647,/data/data_thumbnail/85c0cc7eb956d85391ce691be5cb4911.jpg
Samsung_2647,/data/data_thumbnail/3be833de85b4d064516dae0d837892f4.jpg
Samsung_2647,/data/data_thumbnail/d22f1fcb939e3ff66f49e467c8315863.jpg
Vivo_2647,/data/data_thumbnail/4c96e502246e5ef20ad86d1095843741.jpg
Samsung_2647,/data/data_thumbnail/be4679000f4b30170c34f8d125947e92.jpg
Samsung_2647,/data/data_thumbnail/007102e7487752ae56fb695ecd12cce1.jpg
Samsung_2647,/data/data_thumbnail/d6c934903e6e4549f89ba14a389c5f36.jpg
Nokia_2647,/data/data_thumbnail/cd9526b7e4f7195373cfd87746406ce3.jpg
Samsung_2647,/data/data_thumbnail/5c277ebddfda896a4cb1b3fe161f678f.jpg
Samsung_2647,/data/data_thumbnail/f068a6a672ec245f925825c2673694e1.jpg
Xiaomi_2647,/data/data_thumbnail/94aaecf153e789be86301a31955aa2e0.jpg
Xiaomi_2647,/data/data_thumbnail/7d9b404e5cfb6ab1d82969e9db1c60c7.jpg
Oukitel_2647,/data/data_thumbnail/fb0fd9999e91bab2a00c53f0ac4c9049.jpg
Samsung_2647,/data/data_thumbnail/bf712cf905cbdca43ac564e9046a94d2.jpg
Samsung_2647,/data/data_thumbnail/d0703845abdb73711dc4b6a49c81c878.png
Samsung_2647,/data/data_thumbnail/7d8a3310d77166748cf3c16f5744393b.jpg
Samsung_2647,/data/data_thumbnail/743fc3c886905f24d1ca6240f57f508d.jpg
Samsung_2647,/data/data_thumbnail/6bab7d528b9f4cb3311d077a092a26fb.jpg
Samsung_2647,/data/data_thumbnail/e2820c484542f4b59afcbc8bc96a33a4.jpg
Xiaomi_2647,/data/data_thumbnail/9b4ae7e269f58d3206a0eadcc036195b.jpg
OEM_2647,/data/data_thumbnail/34303270e479c93a8124e6f51fcd1f92.png
Vivo_2647,/data/data_thumbnail/46bb01b83d06feb3c9aac1d39ce983b8.jpg
Samsung_2647,/data/data_thumbnail/ae82fa42d15893908be95bd2fa09ab5b.jpg
Samsung_2647,/data/data_thumbnail/ae140d9e3d536db3ed15d4e1d6d1bf96.jpg
Samsung_2647,/data/data_thumbnail/41078d5286d566b835b5a8d389d0fe44.jpg
OPPO_2647,/data/data_thumbnail/8bff20d6e52aa7ec4646ca6b8bc32d55.jpg
Xiaomi_2647,/data/data_thumbnail/505e2c2a653d386407a794aef6f1b44d.jpg
Samsung_2647,/data/data_thumbnail/1619f8b99724668c067ce123b0d0e243.png
Samsung_2647,/data/data_thumbnail/0bd592b1cbdc26e762cc83c7f7a9b15f.jpg
Realme_2647,/data/data_thumbnail/630d255ef07381f19e21f1ce04ee9daf.jpg
OPPO_2647,/data/data_thumbnail/88e7f58d495636dc945b76c68244fabd.jpg
Samsung_2647,/data/data_thumbnail/96237b7f96e0d62ee248c24b94c36f06.jpg
Samsung_2647,/data/data_thumbnail/6275a879d39d500efb6b66f4f54c1819.jpg
Xiaomi_2647,/data/data_thumbnail/2c5d163fbc6411d64ee6dd2d94d8cefb.jpg
Samsung_2647,/data/data_thumbnail/dd2a3d47d5ed2fc42cd623bcd63e63e7.jpg
Samsung_2647,/data/data_thumbnail/f9857be2fa011655a5086d98766fab0f.jpg
Xiaomi_2647,/data/data_thumbnail/1ccc44af10d794b7c79372531f305903.jpg
Samsung_2647,/data/data_thumbnail/3e5a447e351ad4f764335d4c973560e1.jpg
Xiaomi_2647,/data/data_thumbnail/8b0d1a414ef8a5bb34090e7de75122e5.jpg
Samsung_2647,/data/data_thumbnail/326c6d7184e03fefd2929688659149d5.jpg
Samsung_2647,/data/data_thumbnail/66cae64e399b3af3b007371b53882e13.jpg
Samsung_2647,/data/data_thumbnail/79bd3591e3add065dabdd57643215921.jpg
Samsung_2647,/data/data_thumbnail/d9119b5bf6162ccd4ca881a8609622d1.jpg
OPPO_2647,/data/data_thumbnail/ce8974df96c28856849b02c9a42fd9ba.jpg
Samsung_2647,/data/data_thumbnail/f3782908c217f90aa858c0afd7658b9b.png
Samsung_2647,/data/data_thumbnail/9f921dd4d326b9514211014cd2ac6b02.jpg
OPPO_2647,/data/data_thumbnail/7238701dbe36745e6599fe57c1eb14be.jpg
Nokia_2647,/data/data_thumbnail/9ccd6a7da97605b221340cb31dff74f9.jpg
OPPO_2647,/data/data_thumbnail/35f598b8f5054ab914d1eafd4feddaed.jpg
OPPO_2647,/data/data_thumbnail/88cca166ca06d4b9b1e30d1dba30298c.jpg
OEM_2647,/data/data_thumbnail/dd6e74df1f34162f298959b8c009418f.jpg
Samsung_2647,/data/data_thumbnail/5edb94a359b3bd94c3a373f624d69ae4.jpg
Xiaomi_2647,/data/data_thumbnail/e13ea1b7868913d6b5215bfe5f247769.jpg
Samsung_2647,/data/data_thumbnail/942beff74fdf7a37f51b6dd867199da3.jpg
Nokia_2647,/data/data_thumbnail/d71aef9dc2e81cef02bf2c6315d0fbc4.png
Samsung_2647,/data/data_thumbnail/47526193cb9946b02b07d005b9612085.jpg
OPPO_2647,/data/data_thumbnail/fec7f039b82ce8eb7d4b61b1c0f1ca22.jpg
Xiaomi_2647,/data/data_thumbnail/0b73fe09add3ab926cf4360b07bd7854.jpg
Samsung_2647,/data/data_thumbnail/0b1ad0c903277e49ca31d8630c68770f.jpg
Tecno_2647,/data/data_thumbnail/2d8e798634c2b6167810434831ca2211.jpg
Xiaomi_2647,/data/data_thumbnail/62dd2d65d9c0121482114b9c532059ad.jpg
Realme_2647,/data/data_thumbnail/4a1709799101a505c084a400d8284107.jpg
Samsung_2647,/data/data_thumbnail/4ebb699374597d34e67a19d7a40ad620.jpg
Nokia_2647,/data/data_thumbnail/6edabe84f91530675526eef97de067b6.jpg
Samsung_2647,/data/data_thumbnail/975e5374a85f7a805ad954e5ace36f59.jpg
Itel_2647,/data/data_thumbnail/74520b45436cbd489f5e4c7f15360298.png
Samsung_2647,/data/data_thumbnail/1328c6849d6b85de59f7ec7b5a11ef46.jpg
Realme_2647,/data/data_thumbnail/d7517dbad8067c21e67a053771583235.png
Nokia_2647,/data/data_thumbnail/975d4a299d6fa47c0187404be7c15753.jpg
Samsung_2647,/data/data_thumbnail/1ef3cdb801fe5a8681b93f4378f1cce2.png
OPPO_2647,/data/data_thumbnail/1a4f72131e18c8ea617ad59df74eebf0.jpg
Realme_2647,/data/data_thumbnail/fd279751d5aa2d5d0679690b14a135a1.jpg
Samsung_2647,/data/data_thumbnail/f096ad33bbcede609d76486e32967c82.jpg
Samsung_2647,/data/data_thumbnail/e997e7d74c39f40cbd9b2e36b65f5ff1.jpg
Xiaomi_2647,/data/data_thumbnail/746976cf65d561c2de79923432da5e68.jpg
Itel_2647,/data/data_thumbnail/144ab2b0c547c54f61a76f908fdf95d8.jpg
Realme_2647,/data/data_thumbnail/92502742811acdb53028f6b331dc95b9.jpg
Vivo_2647,/data/data_thumbnail/9cfa21c04ff22924e1f87984d287184c.png
Samsung_2647,/data/data_thumbnail/9fe8dde7d2d12b95f16e137fa2b6c37a.jpg
OPPO_2647,/data/data_thumbnail/b53442f96e75f40644506e5b13b0a312.jpg
Samsung_2647,/data/data_thumbnail/bf27d1a2dfa86b28572eb5e6dc17d3a0.jpg
Xiaomi_2647,/data/data_thumbnail/ee5286e3008e4ead50dce6d82cd8262a.jpg
Xiaomi_2647,/data/data_thumbnail/7e0f27608ff4a63f7217d946e60e46f1.jpg
Samsung_2647,/data/data_thumbnail/82fc38e440e981b9490fc80d54b46909.jpg
Samsung_2647,/data/data_thumbnail/0f474fe3e4b8bf481cefd222cb776695.jpg
Nokia_2647,/data/data_thumbnail/256a2980ac8894c6b42ead97fdd83462.jpg
Realme_2647,/data/data_thumbnail/e183f5f1d1e66d8c402b50b476e4a486.jpg
Samsung_2647,/data/data_thumbnail/ff38aa6863c6b8eae3f507eca07afd6f.jpg
Samsung_2647,/data/data_thumbnail/8f3a34a9e279c01dcc16bebe9740cc69.jpg
Vivo_2647,/data/data_thumbnail/552402fb183ed24fc6053d1799d4c618.jpg
Xiaomi_2647,/data/data_thumbnail/8692728637c256ab6d4ce46b8ba6dc01.jpg
Samsung_2647,/data/data_thumbnail/db32459974c02f6801b5ad70dfd8c496.jpg
Samsung_2647,/data/data_thumbnail/cfd9342ecd17849eb492d3ac0f731d92.png
Oukitel_2647,/data/data_thumbnail/d3776bfb9189775d144f7920c69ee943.png
Samsung_2647,/data/data_thumbnail/7fb502a0a96a50403c7663f2019ebb0b.png
Samsung_2647,/data/data_thumbnail/5e192766e7fefe58dbab31aa5cefd666.png
Samsung_2647,/data/data_thumbnail/334280cf66578b83778c1cb7c49bc219.jpg
Samsung_2647,/data/data_thumbnail/324df61691a491385c3a9252cfbecde9.jpg
Samsung_2647,/data/data_thumbnail/421040bfb1884823da3c117abef16283.png
Xiaomi_2647,/data/data_thumbnail/c8aa5e2218348a6b422259d67bd516dc.jpg
Samsung_2647,/data/data_thumbnail/68177bca55817ed8912d52ebae086392.jpg
Samsung_2647,/data/data_thumbnail/d7830bb53892fb655a05f41a4379bd96.jpg
Xiaomi_2647,/data/data_thumbnail/ac9a68e26c3d64c87937796236932832.jpg
Samsung_2647,/data/data_thumbnail/8fa59a1e26dfe93eb0ade18058a9fdf6.png
Samsung_2647,/data/data_thumbnail/e0d40a66ec2e94ea5050c69c610e1d15.jpg
Nokia_2647,/data/data_thumbnail/9c59fadd434d8ceef2f9cf1241561515.jpg
Samsung_2647,/data/data_thumbnail/36f6b0d33bc9ef299130745cc444d85b.jpg
Samsung_2647,/data/data_thumbnail/56989c84616f5e3cf880b65b6426ec47.jpg
OPPO_2647,/data/data_thumbnail/eb3bfed192098e3b64359652a626a070.jpg
Samsung_2647,/data/data_thumbnail/acbaa85d7a785854e4aafccb009e32cb.jpg
Samsung_2647,/data/data_thumbnail/62de6f7c876740d0e2ba9c3fd290004c.jpg
Samsung_2647,/data/data_thumbnail/03da6f7ba6fcc861181e0efefc594d2c.jpg
Samsung_2647,/data/data_thumbnail/09a3a3fdb0f4e602c2b278561c297008.jpg
OPPO_2647,/data/data_thumbnail/30e287f93bbde241ac416cd578b1181d.jpg
OPPO_2647,/data/data_thumbnail/b7e8aee479f2c441c4b2a0496a41003f.jpg
Samsung_2647,/data/data_thumbnail/0ae641e2f764e9be8bc8f9b0ab1589fb.png
Xiaomi_2647,/data/data_thumbnail/64a21c00343d9a38f33df551b4c234d5.png
Samsung_2647,/data/data_thumbnail/2613004cbf620c4de7711f0189043a45.jpg
Samsung_2647,/data/data_thumbnail/405459e505f0eddf9f4f4ace70664ac6.jpg
Xiaomi_2647,/data/data_thumbnail/b6b792dbf2ebf2eb86cdec4a09f9ba0f.jpg
OPPO_2647,/data/data_thumbnail/6bf5d56ccf55c7c62cb9e3373f58be45.jpg
Samsung_2647,/data/data_thumbnail/e58ff84d4b3889e7a6c3056ec7c705a4.jpg
Samsung_2647,/data/data_thumbnail/c7a8d89be7212b7d3548673cde39d958.jpg
Samsung_2647,/data/data_thumbnail/b2da019f83d3fc94b006b5a835f3e497.jpg
Samsung_2647,/data/data_thumbnail/0db20d2f68b48b42b8fee95d4e2016fe.jpg
Samsung_2647,/data/data_thumbnail/6c23a18a31339d448ebed1eab8f5c34f.jpg
Oukitel_2647,/data/data_thumbnail/ac1d0110b90e4a4f475051c186783acc.png
OPPO_2647,/data/data_thumbnail/de511ea92f293ce5a42d475b9834a859.jpg
Xiaomi_2647,/data/data_thumbnail/07e40a0e40b246a3dfdc571ee31cacdf.png
Samsung_2647,/data/data_thumbnail/ba09d093cdf470ac479a9c9264591087.jpg
Oukitel_2647,/data/data_thumbnail/047f1b65d1c01cfc8d22b82944147e06.jpg
Xiaomi_2647,/data/data_thumbnail/e3fc335272158b404821c4011f42b1d8.jpg
Samsung_2647,/data/data_thumbnail/75df866d5a84ca05e008338c7bf2f887.jpg
Tecno_2647,/data/data_thumbnail/ee10b1d5c3170d86ec0efd11598ca0bf.png
Tecno_2647,/data/data_thumbnail/856a72413bf56686be75a5224465c310.png
Samsung_2647,/data/data_thumbnail/14d469f498124ab0617c606a4d8ca505.jpg
Xiaomi_2647,/data/data_thumbnail/075d5de87b6febe21b0c0ff2dc401718.jpg
OPPO_2647,/data/data_thumbnail/fa0e644fd376f54dbdb70faf91ab2ba5.jpg
Samsung_2645,/data/data_thumbnail/8c6057966980a4b8963b7e3551b255c0.png
Samsung_2645,/data/data_thumbnail/270476d7154ece6b8b3b54950174b167.jpg
Samsung_2645,/data/data_thumbnail/5929b4e443ff21498499644d21a8215a.png
Samsung_2645,/data/data_thumbnail/2ac999c266ede18d246aae7d147f1cda.jpg
Samsung_2645,/data/data_thumbnail/d4f6a482c617a406a25d21c1198d717e.jpg
Samsung_2645,/data/data_thumbnail/7238ccb636755a2b62f2bf1fcf75095b.jpg
Samsung_2645,/data/data_thumbnail/17af1151066ef1da24a11ef1a61c714f.jpg
Samsung_2645,/data/data_thumbnail/39d8e62d522ae40c2e93938cd2899b5a.png
Samsung_2645,/data/data_thumbnail/8412856bec0238e4eaca7b51afd8c631.jpg
Samsung_2645,/data/data_thumbnail/656872c0e24cf16bb6dd85b3bf68c476.jpg
Samsung_2645,/data/data_thumbnail/669183d34667896fe2b7eb73ecbcaafc.jpg
Samsung_2645,/data/data_thumbnail/b2855ead391a5548e594c894c94b9c3c.jpg
Samsung_2645,/data/data_thumbnail/63b182e07ca99a4d3ce46565bb9b88b4.jpg
Samsung_2645,/data/data_thumbnail/9ec147039f23a07c4b904e1c23e58aeb.jpg
Samsung_2645,/data/data_thumbnail/a8d85b18b5f9f7edec34c3d64e1f2407.jpg
Samsung_2645,/data/data_thumbnail/35c5a9c3936950a0113bc2da15d47452.jpg
Samsung_2645,/data/data_thumbnail/2637edb01d9017e1eaa49150075acaf6.jpg
Samsung_2645,/data/data_thumbnail/bbc9cdada9a83dbcfe07ea82171cc042.jpg
Samsung_2645,/data/data_thumbnail/6d3a2fea1bc33a863cbf2c2026af59dc.jpg
Samsung_2645,/data/data_thumbnail/c4257da13a9f31d887941095b94c87b3.jpg
Samsung_2645,/data/data_thumbnail/7566569d7eeae20127bfdd47ba4a5606.jpg
Samsung_2645,/data/data_thumbnail/c083909bc1992a843e9d32096bc2ee6b.jpg
Samsung_2645,/data/data_thumbnail/6292eba8e6f7d6f6ba1a3a055a988d5d.jpg
Samsung_2645,/data/data_thumbnail/8b97675f73a1d7b36da15c0e2618ab4e.jpg
Samsung_2645,/data/data_thumbnail/4b7f1d801ee28725c4cf32b0025a9c16.png
Samsung_2645,/data/data_thumbnail/3061ba32c1cd5634a026bac9a4a322ad.jpg
Samsung_2645,/data/data_thumbnail/a65f3caeff42a91905131344181451e5.png
Samsung_2645,/data/data_thumbnail/254deca14dc7f6a98f8fd9ac06d14999.png
Samsung_2645,/data/data_thumbnail/63e0ea49c187cd176faaaa552d0a0270.jpeg
Samsung_2645,/data/data_thumbnail/0eb62c8c0fbffbc31a947b7d87a5d2ac.jpg
Samsung_2645,/data/data_thumbnail/55e4a9e8e0b380234f275aaaf7c0a7b0.jpg
Samsung_2645,/data/data_thumbnail/5940ddf211554916e2e33ee24d437d12.jpg
Samsung_2645,/data/data_thumbnail/5f62a2676c0d550567f0203dcc051b6c.jpeg
Samsung_2645,/data/data_thumbnail/0c1607800b6f72320219d0de1677289e.jpg
Samsung_2645,/data/data_thumbnail/04e7401053e9be37b60e190a8b65cc7c.jpg
Samsung_2645,/data/data_thumbnail/8d01efef3760dc5a1a1bab2ce3548708.png
Samsung_2645,/data/data_thumbnail/2557f6daf7b3b0ec8f02b7c39265ae26.jpg
Samsung_2645,/data/data_thumbnail/fe7d042dbbea9ddb8fd4b7aaee85cedf.png
Samsung_2645,/data/data_thumbnail/96b79789067ffcc7bbab552547e51a73.png
Samsung_2645,/data/data_thumbnail/4318da35770a5f227a1df49c82391594.jpg
Samsung_2645,/data/data_thumbnail/35f24a818f0c4c7606584ac2b2d7480f.png
Samsung_2645,/data/data_thumbnail/44b9fd42572f6f80ecd251ddd0450c10.jpeg
Samsung_2645,/data/data_thumbnail/244d17f5a55cc28615e2d3d12ac9cabf.jpg
Samsung_2645,/data/data_thumbnail/7488a38f34632fbe1783eb2ba3d9cd92.jpg
Samsung_2645,/data/data_thumbnail/2abd1579d2d92b50e999e1d167930a06.jpg
Samsung_2645,/data/data_thumbnail/d2f578e377460ff91993adc266d61630.jpg
Samsung_2645,/data/data_thumbnail/b46c73ed488ee40b35678ac904e45c5f.jpg
Samsung_2645,/data/data_thumbnail/b6cc97b3eb90b7ead4179ec67f0c7d4f.jpeg
OEM_2653,/data/data_thumbnail/fdc2bfa6b7cb714e5f68c9ea9f73938a.jpg
Kindle_2653,/data/data_thumbnail/2423c7171eca0d55afd91540d2906bd3.png
Kindle_2653,/data/data_thumbnail/258137d331bf9359c814034a52388ff4.jpg
Kindle_2653,/data/data_thumbnail/cd77b2c9c3755b756db7659d67df90d4.jpg
Onyx Boox_2653,/data/data_thumbnail/3cee447411e067d6d97017da2223fcbb.jpg
Kindle_2653,/data/data_thumbnail/762917e4224609c3b71b3169551ba46d.jpg
Kindle_2653,/data/data_thumbnail/4476c00b7f4bc06e7ad98639c3adec17.jpg
Onyx Boox_2653,/data/data_thumbnail/1dfd2cd75a96e2e1cdc9a984a0c99549.jpg
Kindle_2653,/data/data_thumbnail/9e00f4f71fd50d8d5093e246b73146a3.jpg
Onyx Boox_2653,/data/data_thumbnail/ec852cfad29fdce6e5089c31e6b86d4a.png
Kindle_2653,/data/data_thumbnail/fdd8a2a9c3ec111a51d300b66882b876.jpg
Kindle_2653,/data/data_thumbnail/0da1e0743bc0113b7042e5effe7cb423.jpg
Kindle_2653,/data/data_thumbnail/07a3264eb02bb56ecb74aa13abeffe33.jpg
Kindle_2653,/data/data_thumbnail/eb93fe4cc23441d083b20fc657887c03.jpg
Kindle_2653,/data/data_thumbnail/80cc0d6a79e25fd069e4eefacb0fbe57.jpg
Onyx Boox_2653,/data/data_thumbnail/7cebd7db85afac471bf2f6a6545ceab6.png
Kindle_2653,/data/data_thumbnail/883451450755cd23a8383fe78a6d4aca.jpg
Kobo_2653,/data/data_thumbnail/4a94241dbfd6fb3bd28fb1e9d61e5cb6.jpg
Kindle_2653,/data/data_thumbnail/92b4d52861b6d3225b98317da473f0a9.jpg
Kindle_2653,/data/data_thumbnail/6915a6a2a87f17f3a4bba80062080d43.jpg
Kindle_2653,/data/data_thumbnail/65d66169a94d000dcebd22591a1899ab.jpg
Onyx Boox_2653,/data/data_thumbnail/7e05a624bdfe9de50dd117c70431c4dd.jpg
OEM_2653,/data/data_thumbnail/3bfb599535d46cc1a61e6159c6bbf2fb.jpg
OEM_2653,/data/data_thumbnail/8e772915b680308e7522c5faddd79b10.jpg
Kindle_2653,/data/data_thumbnail/46925758f85cacdfdf5864118d0597d8.jpg
Kobo_2653,/data/data_thumbnail/bcb04712f34c9c6ee327b9bc95c10b22.jpg
Kindle_2653,/data/data_thumbnail/9b70ce8358bdfb48824c3e836964df75.PNG
Kobo_2653,/data/data_thumbnail/331a50d0d1e2809ef32a38eb201197ad.jpg
Kindle_2653,/data/data_thumbnail/27a6aabd9a7dfec07fd61813fa811c89.jpg
Kindle_2653,/data/data_thumbnail/dfc34a93f5833795c73ea5d0950197e7.jpg
Onyx Boox_2653,/data/data_thumbnail/853e51cdcfb850c5f41c00b7be07724b.jpg
Kindle_2653,/data/data_thumbnail/734d799a9b582017c71db858af78f27f.jpg
Kobo_2653,/data/data_thumbnail/001791655a48bbf259b27d5f6432f0cb.jpg
Kobo_2653,/data/data_thumbnail/0b6bbfe30368b689dae79b3aab01cf20.jpg
Kindle_2653,/data/data_thumbnail/430295cc350d6feb874892158834cef7.PNG
Kindle_2653,/data/data_thumbnail/0fad375f1bee9b1597256a326059e8bc.jpg
OEM_2653,/data/data_thumbnail/de7e0ea4ebf22306441e3d7e9279cc25.jpg
OEM_2653,/data/data_thumbnail/a3b61c0be92d1ce523812cf52a13c0bc.jpg
Onyx Boox_2653,/data/data_thumbnail/c106e9392b67e9d8ff7c1cbbd870ca06.png
Onyx Boox_2653,/data/data_thumbnail/f93359af244a4c3af4559425dba7ff7c.jpg
Kindle_2653,/data/data_thumbnail/10de36c4e1bd33afca682a40fe2be2cc.jpg
Kindle_2653,/data/data_thumbnail/7b51868c1d7a251b6e66cde178f04d85.jpg
Kindle_2653,/data/data_thumbnail/bbad99818f3c19469497b9eb0d9826eb.jpg
Kindle_2653,/data/data_thumbnail/f971bb1957e68897f539a35fc8867f08.jpg
Kobo_2653,/data/data_thumbnail/534bd8443bad62bc11a956f1b1508681.jpg
Kindle_2653,/data/data_thumbnail/1d558fab3d6a12743156ccbdbe0f4f8f.jpg
Kindle_2653,/data/data_thumbnail/47f0dff24eab4a92c38efa3f37b2b29b.jpg
Kobo_2653,/data/data_thumbnail/8daf08244f9766c75ece956b9edcb0b9.png
Onyx Boox_2653,/data/data_thumbnail/fe5d0b1a72c712b23fc32ad463e63020.jpg
Kindle_2653,/data/data_thumbnail/58359e69950b6b2ec0b6eba7ad7bb27a.jpg
OEM_2653,/data/data_thumbnail/7607770034ef7722b688c50806a38b26.jpg
Kobo_2653,/data/data_thumbnail/df620252e07349913d76ca929a0a903b.jpeg
OEM_2653,/data/data_thumbnail/33805568ab78474a19c04f68fc345f18.jpg
Onyx Boox_2653,/data/data_thumbnail/b50d6cb6420c2c6f1ffae8a680c6aa26.jpg
Onyx Boox_2653,/data/data_thumbnail/a3d88e7c945e553f3732a35d084ec09f.png
OEM_2653,/data/data_thumbnail/abe5f697648f5cd0ea96a1dbbd146314.jpg
Kindle_2653,/data/data_thumbnail/bfcb792238b697d33794c32b87adce41.jpg
OEM_2649,/data/data_thumbnail/96c80982f345a5c41c19a0737aa5b462.jpg
Masstel_2649,/data/data_thumbnail/1792566824b76a79f2e8c8a5a3f3ce49.jpg
Masstel_2649,/data/data_thumbnail/77b0b6e6b633c8d8c28dce28bf11abd8.png
OEM_2649,/data/data_thumbnail/9562ac3b84391954a1502ef89d641f17.jpg
Masstel_2649,/data/data_thumbnail/d3469fc1d27b6b3bdec963189386ed72.png
Masstel_2649,/data/data_thumbnail/a19c2d9a850d2ae9a6c794d5317da574.jpg
Forme_2649,/data/data_thumbnail/31a3f680d557f9ee06717bd045dbb1f6.jpg
Masstel_2649,/data/data_thumbnail/b2c54dd9b8defffea198157fdc727a53.jpg
Masstel_2649,/data/data_thumbnail/8bd3e46a8993572abb8bcc08fb8b3f9b.jpg
Masstel_2649,/data/data_thumbnail/3aaca810b171443c62d3e951ad00930f.jpg
Masstel_2649,/data/data_thumbnail/b6950855796366b0e0345b982730ccc8.jpg
Masstel_2649,/data/data_thumbnail/d825aa681b6166eee0c0acb2ace6ee6a.jpg
OEM_2649,/data/data_thumbnail/ed08167595c0d7ffd49d390c74c3be2b.jpg
Masstel_2649,/data/data_thumbnail/a76bc5e74f214d38b4acb30861e0ad8f.png
Masstel_2649,/data/data_thumbnail/eb775d0a4c91cf1975f96094feaed4b0.jpg
Masstel_2649,/data/data_thumbnail/4c1a6d647d2d925c5b48d598d40df7cb.jpg
Masstel_2649,/data/data_thumbnail/1a02045e366a7ad78fb9e5ca564a396b.jpg
Forme_2649,/data/data_thumbnail/ff3af4382a5719aecde86c5332c34fde.jpg
Forme_2649,/data/data_thumbnail/642dcd275650cf9fdc7edc3ba5e9f9dd.jpg
Masstel_2649,/data/data_thumbnail/15515acaec94d119c7e71ba8305330ca.jpg
Forme_2649,/data/data_thumbnail/28c93986e0c3428279dd01922350072f.jpg
Masstel_2649,/data/data_thumbnail/65dbd5a01e1b4742064d41f55a230ce0.jpg
Masstel_2649,/data/data_thumbnail/42af07ef6244f2dd4b4b44defcab067f.jpg
Masstel_2649,/data/data_thumbnail/0779ca076b0ec52b3780913f615d0f88.jpg
Masstel_2649,/data/data_thumbnail/4984fc0421684aca3f9a3166626fd3af.jpg
Masstel_2649,/data/data_thumbnail/205937a4650f7588d9aa478ca16423ac.jpg
Masstel_2649,/data/data_thumbnail/994d296ea0e87ff4990730f98621aa57.jpg
Masstel_2649,/data/data_thumbnail/3dccc4772fac8ae0131b40fbe5092124.jpg
Forme_2649,/data/data_thumbnail/8c4c4c0c6a1cf83ce28147a438df5e5e.jpg
Forme_2649,/data/data_thumbnail/281c86d986e336e15922f6bad361e8e9.jpg
Masstel_2649,/data/data_thumbnail/63a532b3d7abe657b1144c795b8b9975.jpg
Forme_2649,/data/data_thumbnail/66a615702b1f7778bb290b60acc2d7cc.jpg
OEM_2649,/data/data_thumbnail/502fd0097b373e77a4e71a5b4bede52b.jpg
OEM_2649,/data/data_thumbnail/067fafb21195f72e38a83d1380bc8235.jpg
OEM_2649,/data/data_thumbnail/f8b0fe13f3a019524bf44aa5bfa1e959.jpg
Forme_2649,/data/data_thumbnail/bb5e907e1d49fe44c49e10f1739023c5.jpg
Forme_2649,/data/data_thumbnail/8ab257138ae5e1b352eb539218904115.jpg
Masstel_2649,/data/data_thumbnail/0ce73fa16905120b71f5429238567374.jpg
OEM_2649,/data/data_thumbnail/d4e2146cd8367046ed986343bbd00278.jpg
OEM_2649,/data/data_thumbnail/234c2feedd0a0e35be91d5c0c132196b.jpg
Masstel_2649,/data/data_thumbnail/98c9818adf8d47cbe74d137babc781e1.jpg
Masstel_2649,/data/data_thumbnail/01d9c5cd00f2c474948f46b1d9ea3d3c.jpg
Forme_2649,/data/data_thumbnail/8281d94aee75be738e764b90ea557cea.jpg
OEM_2649,/data/data_thumbnail/35659dbbefa3acecca62edf667514437.jpg
Masstel_2649,/data/data_thumbnail/f43baeccb18a773edfc8a119b730c5e2.jpg
Masstel_2649,/data/data_thumbnail/5d9d4a33caa2163e9052f2abdc6dfb88.jpg
Forme_2649,/data/data_thumbnail/d28e003f99e4d99098cd5d4c61f4201b.jpg
OEM_2649,/data/data_thumbnail/07574a78d5a6f1a45ba6b0a3d6e725d4.jpg
Masstel_2649,/data/data_thumbnail/58f947573126587e04d46eeb2a3a40c2.jpg
Masstel_2649,/data/data_thumbnail/2ded3e3d05deef08e1ad21995cff793e.jpg
Masstel_2649,/data/data_thumbnail/6ac67575395258bfcfeb948cd9a01426.jpg
Masstel_2649,/data/data_thumbnail/fa9c8a4bbcc3c9ff115864279e1e7df5.jpg
Masstel_2649,/data/data_thumbnail/20c346a19a9cb713817b3d805796cdbd.jpg
Masstel_2649,/data/data_thumbnail/e2c5fc4977ce9498c5d54a6d4a922ab9.jpg
Masstel_2649,/data/data_thumbnail/7f1f71b1726ca5eae333bd60e0f3bfeb.jpg
OEM_2649,/data/data_thumbnail/f425a232ef36d4c23abc75e0f765da4e.jpg
OEM_2649,/data/data_thumbnail/82230c44973d849cfe1a873ecd5495d8.jpg
OEM_2649,/data/data_thumbnail/30d812b943574ce1559d6a6dea41af29.jpg
OEM_2649,/data/data_thumbnail/8ae3f1be15447a8a04c74e8e29d70fc0.jpg
OEM_2649,/data/data_thumbnail/b72441ca64ff780dfe21ebaaa56a85e9.jpg
OEM_2649,/data/data_thumbnail/7e2d3097f16669c3f1d0d24bd985838d.jpg
OEM_2649,/data/data_thumbnail/69e489389fa7b5b40178f0183581c4a2.jpg
OEM_2649,/data/data_thumbnail/a884ef59dd8dee73c6ae97a1e471ab1c.jpg
OEM_2649,/data/data_thumbnail/6a6ad7c7490bac094b9bdaacb4e5efe6.jpg
OEM_2649,/data/data_thumbnail/22c2f09861ba47b81238e44162c46eb7.jpg
OEM_2649,/data/data_thumbnail/56e67c2f8ee6349d301dc08d69d0cc1d.jpg
OEM_2649,/data/data_thumbnail/7e93661881264faf9c33a21cff6ae402.jpg
OEM_2649,/data/data_thumbnail/4bcc1fdcd4afde93de07c7b4f927a50d.jpg
OEM_2649,/data/data_thumbnail/187cdaf00ffed71de169ede57163c31d.jpg
OEM_2649,/data/data_thumbnail/0c876109066940c041fb091bc6ff2232.jpg
OEM_2649,/data/data_thumbnail/ce4c5543cc459434ad626fb664374571.jpg
Nokia_2649,/data/data_thumbnail/5d7e6d25668122006264c834a90b787d.jpg
Masstel_2649,/data/data_thumbnail/11f845c2cb874ccd89a4cfcc7fa77782.jpg
Nokia_2649,/data/data_thumbnail/27aa12eabddb7cf30a627327d50b2811.jpg
Masstel_2649,/data/data_thumbnail/e9432b1e686faa45b50b114baf8e8653.jpg
Masstel_2649,/data/data_thumbnail/af9e59109d2845c579eaa40a29ff1659.jpg
Masstel_2649,/data/data_thumbnail/eeed4188569b96ff0e1db9f0a63b1b6d.jpg
Nokia_2649,/data/data_thumbnail/394e44df5d45cbdab346dccf48ae3560.jpg
Masstel_2649,/data/data_thumbnail/9714ae5b27817fa3417cfae365ac8f39.jpg
Masstel_2649,/data/data_thumbnail/8bb05994e47a72ff697a390072e398ce.jpg
Nokia_2649,/data/data_thumbnail/fd16bf0147bbb88aad4f997e36323457.jpg
Masstel_2649,/data/data_thumbnail/d9f47ca7fdcfcbcda2ebf129fe02eb9f.png
Masstel_2649,/data/data_thumbnail/f1dc84ca1441d92b9821591effb7d5e9.jpg
Nokia_2649,/data/data_thumbnail/4707a6a5a27bdad7edfb982b6f9531b7.jpg
Forme_2649,/data/data_thumbnail/142c275d6200e9566f3767e7635d45ac.jpg
Nokia_2649,/data/data_thumbnail/0141af52664e7fe521b97e8ab3362a7a.png
Nokia_2649,/data/data_thumbnail/38428f73ce511f97b58089f034e303c1.jpg
Masstel_2649,/data/data_thumbnail/d3469fc1d27b6b3bdec963189386ed72.png
Nokia_2649,/data/data_thumbnail/797bf87aa5b4c75b8c5ebe3e4b1a6e6e.png
Nokia_2649,/data/data_thumbnail/b6d17bfafc31762914d6f579d7bdb9b6.jpg
OEM_2649,/data/data_thumbnail/df7c41cc06a84f935306031a75cbd188.jpg
Nokia_2649,/data/data_thumbnail/c2460f6ae2e24aac3b17a9872c8243b7.jpg
Nokia_2649,/data/data_thumbnail/d9615354660a2596e283ab54980c3b51.jpg
Nokia_2649,/data/data_thumbnail/a99bc3dc96d69e48649f160a1360b091.jpg
Nokia_2649,/data/data_thumbnail/11f24501dc34c09c34590d85309c5e18.jpg
Forme_2649,/data/data_thumbnail/1eb9ee336f8057bb5e90a1fb6d4c2199.png
Masstel_2649,/data/data_thumbnail/465750da2e67f4d19a3baa20627f1a52.jpg
Masstel_2649,/data/data_thumbnail/a19c2d9a850d2ae9a6c794d5317da574.jpg
Nokia_2649,/data/data_thumbnail/afe2cc578f1c5f7ea75d55889864827e.jpg
Forme_2649,/data/data_thumbnail/1e165a92954a4ef23c3361338ca26d01.jpg
Nokia_2649,/data/data_thumbnail/7d8876d89b93b3a67f76c9395d9a2d72.jpg
Masstel_2649,/data/data_thumbnail/3aaca810b171443c62d3e951ad00930f.jpg
Masstel_2649,/data/data_thumbnail/cbdd304c4bb4602c51f79c3eec8626a5.jpg
Forme_2649,/data/data_thumbnail/4391a077a15af181ff789f8f9bd335df.jpg
Forme_2649,/data/data_thumbnail/5129629baa2eee39341745e043e924fc.jpg
Forme_2649,/data/data_thumbnail/507be27092380b952909fc79c23fc1da.jpg
Nokia_2649,/data/data_thumbnail/f20eb54451082ad8b33fb40b692a089e.jpg
Masstel_2649,/data/data_thumbnail/c87419b3e3753c82b480bbe740a27ed5.jpg
Nokia_2649,/data/data_thumbnail/96fde806dc1eb29bb6b8ce024062ef29.jpg
Nokia_2649,/data/data_thumbnail/257ff5eb3c5cbf77dd401db7cf529e31.jpg
Masstel_2649,/data/data_thumbnail/985963e148a20943cb10419b0f90b51b.jpg
Masstel_2649,/data/data_thumbnail/52578d6ce755965f18bb18bb253104c8.jpg
Nokia_2649,/data/data_thumbnail/af23bc21e286bd4738ffd80b3e1b4d91.jpg
Nokia_2649,/data/data_thumbnail/d7a3446349765878fc15af0263bbdd9f.jpg
Masstel_2649,/data/data_thumbnail/fec91288edf7837ff3fead4c8fb9283b.jpg
Nokia_2649,/data/data_thumbnail/5563a0ee4514215955375ef075b5cf85.jpg
Masstel_2649,/data/data_thumbnail/79cf4d476e0dae1822465694b33731d6.jpg
Nokia_2649,/data/data_thumbnail/0969875080a27f45436ebb1c3412cbb8.jpg
Nokia_2649,/data/data_thumbnail/da19a0faf4d8dc8ab5024202fef7f62c.jpg
Masstel_2649,/data/data_thumbnail/5d2fe4e08bf7619a31c78eed82aea8b9.jpg
Masstel_2649,/data/data_thumbnail/dc17d26eecc36bec650005826db8279b.jpg
Masstel_2649,/data/data_thumbnail/2d7b3e3a7b6094957d24e4756eece4a6.jpg
Masstel_2649,/data/data_thumbnail/b50f34dd3c0a04c37e6b458bd3667103.jpg
Masstel_2649,/data/data_thumbnail/ab8a9592b6957dfa8d5ddc14f03d7c7c.jpg
Nokia_2649,/data/data_thumbnail/31eae44c017522b74a56d76e45ebe2dc.jpg
Forme_2649,/data/data_thumbnail/512653c4751630ad20575bdf27257840.jpg
Masstel_2649,/data/data_thumbnail/9877e5c4d3fecca08cdbed7a8550076b.jpg
Masstel_2649,/data/data_thumbnail/cedff8922b8540aa1c5d8afab4ffa81b.jpg
Masstel_2649,/data/data_thumbnail/d85cf908a19a4c44dbed00125eceac91.jpg
Masstel_2649,/data/data_thumbnail/4d3c76f2e3e9c133736a313771d95da5.jpg
Masstel_2649,/data/data_thumbnail/2ce812c28021b36653ddd0960a1c3838.jpg
Masstel_2649,/data/data_thumbnail/ec92225a7a20b546f47e804afb63dcd8.jpg
Masstel_2649,/data/data_thumbnail/4d3c76f2e3e9c133736a313771d95da5.jpg
OEM_2649,/data/data_thumbnail/f425a232ef36d4c23abc75e0f765da4e.jpg
Masstel_2649,/data/data_thumbnail/0912af0db2b2db07908e730ca577bf7d.jpg
Masstel_2649,/data/data_thumbnail/994d296ea0e87ff4990730f98621aa57.jpg
Masstel_2649,/data/data_thumbnail/33a26f78c6b957690d90f45acea508b0.jpg
OEM_2649,/data/data_thumbnail/f258151a5d22dbeb918e8377872e4e99.jpg
OEM_2649,/data/data_thumbnail/bb3864435bbfe8319e5c79ea5712f56b.jpg
Panasonic_2651,/data/data_thumbnail/0d3e16d51e72a3812d70a9bf322a8165.jpg
Panasonic_2651,/data/data_thumbnail/1eeb477893ab134f26730060f8dabe0c.jpg
Panasonic_2651,/data/data_thumbnail/8993fa69c576f89d0ab63abd536c0c8a.jpg
Panasonic_2651,/data/data_thumbnail/15a4354afce5909c8de7ab648fcfcce0.jpg
Panasonic_2651,/data/data_thumbnail/63bbae55fe5a5a096392c6d325e8fc95.jpg
Panasonic_2651,/data/data_thumbnail/bbe51405ebc1681123970efd01f32163.jpg
Panasonic_2651,/data/data_thumbnail/e0e8a6f7589e1e80f0c88840c8c7408c.jpg
Panasonic_2651,/data/data_thumbnail/bf66605d62a86601778768c515ec47e2.jpg
Panasonic_2651,/data/data_thumbnail/3d7be765dcdfd3c03ae0883b92ce0ff6.jpg
Panasonic_2651,/data/data_thumbnail/a1ddac9b56a2df5a4e1aa925eab04a22.jpg
Panasonic_2651,/data/data_thumbnail/c35e64861141a7b8a45780c0db835bb8.jpg
Panasonic_2651,/data/data_thumbnail/b90f8523563a566d553a97d5474dee78.jpg
OEM_2651,/data/data_thumbnail/e0169694449afe63f489d7a3c81facf4.jpg
Panasonic_2651,/data/data_thumbnail/0a224825a14c95cf80cf8ef4e2a00ee4.jpg
Panasonic_2651,/data/data_thumbnail/2bf1ed55c8919a261bf18c9e9d4380d2.jpg
Panasonic_2651,/data/data_thumbnail/fe106544b64b581411694df5ea51e7e1.jpg
Panasonic_2651,/data/data_thumbnail/1fbdd44e72ee33a88de4f4f55cadb6db.jpg
Panasonic_2651,/data/data_thumbnail/7af7bde6ad6f87c28ad12ddc1aa02434.jpg
OEM_2651,/data/data_thumbnail/83c56ebb67791a4eacb1497a57fcb291.jpg
OEM_2651,/data/data_thumbnail/1e4aa72901bcd6fef0697cccf239c7aa.jpg
OEM_2651,/data/data_thumbnail/e919378d754e7ce8c31a0ef2548136a2.jpg
OEM_2651,/data/data_thumbnail/45d228762ed0b812e02b40c60e67139e.jpg
OEM_2651,/data/data_thumbnail/037fe5e93b0edccd72e47285f953f1ef.jpg
OEM_2651,/data/data_thumbnail/beaf24eac68eb81b42ac1a99727968f8.png
OEM_2651,/data/data_thumbnail/688fcba61b89fcb9bf23377525c79c50.jpg
Panasonic_2651,/data/data_thumbnail/d823bd6f28bf4e1ab07757907fb40d5c.jpg
Panasonic_2651,/data/data_thumbnail/6d14756586378fb181906058dafc00fd.jpg
Panasonic_2651,/data/data_thumbnail/043beeafd1e3b195d7388e35f2327a5f.jpg
Panasonic_2651,/data/data_thumbnail/7304bb1e45d885167c40492c585d25f5.png
OEM_2651,/data/data_thumbnail/0a8d45f53d0dd0ff9c55c457324f516f.jpg
Panasonic_2651,/data/data_thumbnail/f4312a64b0db6f8135a2f5e1df01864f.jpg
Panasonic_2651,/data/data_thumbnail/ca779c901286b973e681d82bf4cddda1.jpg
OEM_2651,/data/data_thumbnail/97c8e2952cb4faa63d4e1d11e159dd2b.jpg
Yealink_2651,/data/data_thumbnail/133c4e776c42f97f22c87bbcb4b695b2.jpg
Panasonic_2651,/data/data_thumbnail/35745437c58799a370f47cdef152ed1a.jpg
Panasonic_2651,/data/data_thumbnail/756aaaf26ae5b7dd0ed7b9f06120c9b9.jpg
Panasonic_2651,/data/data_thumbnail/4e8c39f88c9789b17bdb8de1ed7e3aee.jpg
Panasonic_2651,/data/data_thumbnail/f88a918e705ebabf6b7853581d57aa29.jpg
OEM_2651,/data/data_thumbnail/493c4ee12457b715609c36fbbc857708.jpg
OEM_2651,/data/data_thumbnail/fb4933bf0f3f1f7846903a78b085c104.jpg
OEM_2651,/data/data_thumbnail/1d0daca2eea50920eb33a50c88992b5d.jpg
Panasonic_2651,/data/data_thumbnail/72e19580d556fa02d030cc6e77d1c6fd.jpg
Panasonic_2651,/data/data_thumbnail/7f6749eb61b943b9661b9737859b763c.jpg
Panasonic_2651,/data/data_thumbnail/e7242312bef7c806f4ada7602d119f4c.jpg
Panasonic_2651,/data/data_thumbnail/e0db04f1b762462ca82d6f0aac15909d.jpg
OEM_2651,/data/data_thumbnail/7a78ead12bdbb8d211e43fbe14f99521.jpg
Panasonic_2651,/data/data_thumbnail/2a82f31d59b97c29edfcb9055593948c.jpg
Panasonic_2651,/data/data_thumbnail/1821e29d7d4bce3fb73f93dea65b0d6a.jpg
OEM_2651,/data/data_thumbnail/1b9dfd453ae9577c3a7f0618ace67ae9.jpg
Panasonic_2651,/data/data_thumbnail/9d6c45c7d6a52a4dafe96bfc749484d4.jpg
OEM_2651,/data/data_thumbnail/94ac93a5812bc47e86a4c54e742dca5b.jpg
OEM_2651,/data/data_thumbnail/ea473e1bde698e2076796cf1651769e3.jpg
OEM_2651,/data/data_thumbnail/dadfb2af41765c46f447110c867a9b59.jpg
OEM_2651,/data/data_thumbnail/2a9dc51a2e98d573cece5483879882ca.jpg
Panasonic_2651,/data/data_thumbnail/3993a1a8ba77d5dfb475e5b5613c3a97.jpg
Panasonic_2651,/data/data_thumbnail/7d7533b202de2b84d6595027e2d62f81.jpg
OEM_2651,/data/data_thumbnail/86605e84da36c009f98f588e5ead1ed3.jpg
OEM_2651,/data/data_thumbnail/eb25b494606019df0caf177c893fdcf5.jpg
OEM_2651,/data/data_thumbnail/494e63beadc59cdac305bfee9e6dfe52.jpg
Yealink_2651,/data/data_thumbnail/3116433fa1e4673014eccbb45f7149a2.jpg
Panasonic_2651,/data/data_thumbnail/30ab541c229501e179bb3788eba97b3b.jpg
OEM_2651,/data/data_thumbnail/9e2da1aa64a46607087291d1183bc73b.JPG
OEM_2651,/data/data_thumbnail/bac57259550d4dd1b07eca9e691179a8.jpg
Yealink_2651,/data/data_thumbnail/3489db747192bd3cf903e2e9e666312c.jpg
Panasonic_2651,/data/data_thumbnail/222698aba6b04df38c5a98c18f8e00dc.jpg
Yealink_2651,/data/data_thumbnail/bbdbf4268b53d0db9e5cea42e52272a2.jpg
Panasonic_2651,/data/data_thumbnail/d27276cd9a9849356dc5382f03a18972.jpg
Panasonic_2651,/data/data_thumbnail/e7e9c2b4aeacb65b7851020fbcf2731f.jpg
Panasonic_2651,/data/data_thumbnail/59a6b3f8730bfa1ea86a3e128e0b307d.jpg
OEM_2651,/data/data_thumbnail/8816eb6b391401bbc7a3bab11d661e66.jpg
Yealink_2651,/data/data_thumbnail/1085d0985f2c129d5213d2c2c5350342.jpg
OEM_2651,/data/data_thumbnail/ba1d87b414295ca1fca7576ed2ea6ee7.jpg
OEM_2651,/data/data_thumbnail/3692a833571136388d1f67625d6ba1f1.jpg
OEM_2651,/data/data_thumbnail/6508ca4dbed236a46f0ab9d5c7d3879a.jpg
Panasonic_2651,/data/data_thumbnail/b6e0b9df61bcfd26b933b9e5acd6930d.jpg
Yealink_2651,/data/data_thumbnail/f2e510e7d7949b4a3d0cc0e73ef8e952.jpg
Panasonic_2651,/data/data_thumbnail/916a559a625ea11dc049c13331f7496b.jpg
Panasonic_2651,/data/data_thumbnail/d06efd03bd2d169f22e2c451d7a97b1e.jpg
Panasonic_2651,/data/data_thumbnail/67475e8aff9818cc78c0889001b350ca.jpg
Yealink_2651,/data/data_thumbnail/7d4ab01ed2b81a0f29838fc626ae7d12.jpg
Panasonic_2651,/data/data_thumbnail/35bcb15cde40cf675edfc65eb1d5b923.jpg
OEM_2651,/data/data_thumbnail/5fa16f9f32c07173fe2fc67510b1a2c8.jpg
Panasonic_2651,/data/data_thumbnail/7eb151a22bf12da56208e8e3706b6cb9.jpg
OEM_2651,/data/data_thumbnail/5b2b1836a382df1896a77309a21c0a39.jpg
OEM_2651,/data/data_thumbnail/cea8c7a72b28d1d295cef08db6326ac6.jpg
OEM_2651,/data/data_thumbnail/e01f7e380090e541accec183a5c74cb4.jpg
Panasonic_2651,/data/data_thumbnail/38d854c3181316b6ebab89da17902913.jpg
Panasonic_2651,/data/data_thumbnail/55917b01ae380cdb1e6acce0ae683370.jpg
Panasonic_2651,/data/data_thumbnail/adc5211879f9c0e774ce0a01c7f12e1e.jpg
Panasonic_2651,/data/data_thumbnail/a23456e6289f71d29205541a8fb7c353.jpg
Panasonic_2651,/data/data_thumbnail/1d748172cc335a9ceb64b7fdd89ba395.jpg
OEM_2651,/data/data_thumbnail/e23078e7f6ae3eee8c65dcc880e5fdd7.jpg
Panasonic_2651,/data/data_thumbnail/4fcb01acaff62b17012a91181a37ad27.jpg
Panasonic_2651,/data/data_thumbnail/e6d6b4057bf84fa1cd78088a16fff962.jpg
Panasonic_2651,/data/data_thumbnail/f68ee08e2a75c50999789efeda47e3d5.jpg
OEM_2651,/data/data_thumbnail/da2b1756732f45b8cf582b3551732daf.jpg
OEM_2651,/data/data_thumbnail/a019605f181497ab81f7807f61db7ae5.jpg
Panasonic_2651,/data/data_thumbnail/bff7a93a446725099fd274cb18d528b0.jpg
Panasonic_2651,/data/data_thumbnail/e4f8c68124393aad7ba7c182eb529e91.jpg
OEM_2651,/data/data_thumbnail/2e6ca84f67c2189e76ea442f583dbd8f.jpeg
Panasonic_2651,/data/data_thumbnail/273ba8c5adddf25e7a57281e1d7e47b7.jpg
Panasonic_2651,/data/data_thumbnail/f15c1d4b4fb92a3a4ceab02b48efceb3.jpg
Panasonic_2651,/data/data_thumbnail/e8b8b025adff3907e709a62fc5139614.jpg
Panasonic_2651,/data/data_thumbnail/7a3079cabe3d3423e365e1f6289e5c33.PNG
Panasonic_2651,/data/data_thumbnail/a23456e6289f71d29205541a8fb7c353.jpg
OEM_2651,/data/data_thumbnail/8798ddc7a8b8fb08aa4e5e3146819faf.jpg
